Name,category,PA,BB%,K%,ISO,GB%,wRC+
Aaron Altherr,2,2663,0.077363545651361,0.2051008683491688,0.1701912053440573,0.4149498248156312,118.08329779961072
Aaron Hicks,1,2288,0.1180794534585488,0.1569077696773395,0.1263244622133337,0.3512016993543022,103.64178455939812
Aaron Judge,3,1513,0.1145549717124472,0.2509069153993993,0.1989275733533293,0.3720547486716904,137.8342087130517
Abraham Toro,1,1465,0.0854789431267239,0.1486624354197059,0.1511037728730683,0.2911048076162781,104.19556697110264
Adalberto Mondesi,1,2199,0.0586426560434179,0.2435084458605212,0.1772301836636508,0.4399187103511443,98.4986654612247
Adam Duvall,1,1759,0.068950850869569,0.145779203739809,0.1709221410131698,0.2876167779166254,93.31255812356778
Adam Eaton,2,1400,0.1072603957010037,0.1297296768808667,0.1536077555460943,0.5747888837534745,156.66007634653812
Adam Engel,1,1841,0.0867437921794142,0.2360598246217019,0.1319764915539871,0.4345331512684391,106.42345466327076
Adam Frazier,1,1520,0.086534377935765,0.0996696220822552,0.0819291110529256,0.4936490058189234,127.81476354090329
Adam Jones,2,469,0.0614072488,0.1808102343999999,0.2171428568,0.3251612895999999,115.3318807571458
Adam Lind,2,403,0.0655086842699751,0.154838709244665,0.1522799038173697,0.3526343490342432,110.26103588538112
Adam Rosales,1,602,0.0929146949702064,0.1575028877106194,0.1959948053899705,0.2778248716050147,117.80949247850992
Addison Russell,1,830,0.0677667019666736,0.1587503143740846,0.1955944098735304,0.355766424857971,114.90641012282904
Adeiny Hechavarria,1,1548,0.060374800096218,0.164378238916477,0.1111969438667079,0.4982907304726321,90.09261036150176
Adolis Garcia,2,489,0.0585935944245333,0.2039296965226666,0.1719128368437333,0.4302000219114666,109.74445399273252
Adrian Gonzalez,3,119,0.1064425766666666,0.1344537813333333,0.050724638,0.348258706,58.2164861800385
Albert Almora Jr.,1,1589,0.0419473773286733,0.122645906258283,0.1211231418916254,0.4441012184268474,97.73704492585918
Alberto Callaspo,1,261,0.0858237544,0.0521072792,0.1203539823999999,0.3849056599999999,104.13082604171665
Alcides Escobar,1,1612,0.0541719685147552,0.1351883014678108,0.0980016402444715,0.4973136954403375,102.90967698765112
Alec Bohm,1,568,0.0792946360871532,0.1107688699996689,0.1570750873841563,0.3566664813411841,113.48106844582398
Aledmys Diaz,1,534,0.0425717850006242,0.118102372004744,0.1162463499272159,0.344609935825593,80.44632583047192
Alen Hanson,1,3161,0.0699499876315198,0.1677016248331208,0.1433859834010276,0.4851153604976556,110.05148451758694
Alex Avila,2,631,0.1025028551125082,0.1526622776044531,0.1261021785038638,0.3572029006242305,101.37555648019196
Alex Bregman,3,596,0.1028236307870871,0.074440240468463,0.1704215981863657,0.2634267658320368,126.318256418112
Alex Dickerson,1,1349,0.0518427485470138,0.1429937121732073,0.1489247584221195,0.3460902702450747,105.54363735934216
Alex Gonzalez,1,1113,0.0748727159688529,0.1185983822976939,0.0383712149991015,0.3890151402551662,67.71776867095848
Alex Presley,1,1899,0.0746972530769765,0.1519791329476587,0.1575253828369215,0.5014171373911094,120.48065659175734
Alex Rodriguez,3,457,0.0773158275784099,0.1006564551378556,0.0530505287600291,0.2766944245412108,69.54529351516034
Alex Verdugo,2,2043,0.0878183517926929,0.1143965047465538,0.1305573862044435,0.485209416504698,119.8789623716967
Alexi Amarista,1,1998,0.0681093962974295,0.1134112073898681,0.1117375342217558,0.4416209706234509,102.6259710001062
Alexi Casilla,1,657,0.0767123281887366,0.1108066966550989,0.0606281465923896,0.4528198862417047,80.097392104498
Allen Craig,2,1557,0.0763046205633933,0.1700705391523839,0.2113280955183243,0.4509980781254604,137.5538952961068
Amed Rosario,1,1885,0.0615747558078169,0.1724149317571051,0.1266491392160462,0.5105683191832109,118.61431689885362
Andrelton Simmons,1,1042,0.0576758291484944,0.0644124779623162,0.08454931402292,0.3782623709971331,92.55055013594476
Andres Torres,1,172,0.0930232553333333,0.1279069766666666,0.0544217686666666,0.46105919,60.67007985089824
Andrew Benintendi,2,571,0.0841346609247609,0.0808355851962861,0.1803157217889034,0.2560616640169002,119.5910152694671
Andrew McCutchen,3,1307,0.0929167511094136,0.1371306415771963,0.1232296956060789,0.4314369774714263,104.36658123867532
Andrew Romine,1,1801,0.0797911328713431,0.1166721240541561,0.0679920864621175,0.4116877749205624,81.54225119667646
Andrew Vaughn,2,229,0.0873362441513828,0.1018922847947598,0.1052437314352256,0.2729168834992722,86.29372709801987
Andrew Velazquez,1,2551,0.077579314122558,0.2522844178191785,0.1374183328876105,0.4705463645427203,103.37567781039968
Andy Dirks,2,959,0.0702884582034638,0.1088903920818065,0.0893946638109735,0.3492899487731359,82.62324674389762
Angel Sanchez,1,422,0.0762454231195146,0.1317743946097742,0.0697647410402426,0.4863621477751264,58.24417126006172
Anthony Gose,1,2897,0.0899144288015558,0.2441979692786737,0.125373515865149,0.5689200638923106,99.7400676895592
Anthony Rendon,3,152,0.1447368420666666,0.1206140349333333,0.2068376068,0.2207885298666666,140.29224146992797
Anthony Rizzo,3,1803,0.0966414635894373,0.2061489491934325,0.273882172658766,0.3582264600965154,144.10735611770224
Anthony Santander,2,1876,0.0652462841906733,0.1834141464757638,0.1590818447453143,0.3694165337701842,98.22168446570343
Arismendy Alcantara,1,3147,0.0763858393569656,0.2309971938286783,0.1740671978884209,0.4533551070325696,109.24146519758531
Asdrubal Cabrera,2,577,0.074323578463808,0.1191186803290454,0.1364327228870852,0.4408433734156202,122.10200189684424
Austin Hays,2,1261,0.0450491822320641,0.2012554694838833,0.2174531402141035,0.4042345112997957,118.016810426026
Austin Hedges,1,1430,0.0497180722643809,0.1705257881264433,0.1881521026707394,0.3695001183975112,111.02981125779792
Austin Jackson,2,1691,0.0819418605321298,0.2072184032883106,0.1257562282744312,0.4410321857601847,113.76550028467804
Austin Meadows,3,1844,0.0796811174972483,0.1646874447277822,0.1959155594596729,0.398923816741464,129.5091842148881
Austin Nola,1,1289,0.0986330470716309,0.1298519094038837,0.0564351854716707,0.3892391692260149,76.87152824194071
Austin Riley,3,1964,0.0859868131339546,0.2547829742417556,0.2304035430035097,0.3695128305171725,142.63846794713368
Austin Slater,2,1271,0.0909583634427265,0.1922309180605209,0.1480012781269077,0.525425330152004,126.65621645461
Avisail Garcia,1,2282,0.0403167744227517,0.2019081253703411,0.135340284783137,0.5702988580982187,122.9708395555213
Ben Gamel,1,2789,0.0772497761755975,0.175168112231805,0.1202130967110382,0.4668362559427454,115.01507871629843
Ben Paulsen,1,1807,0.0550783107514767,0.1757932864477239,0.1246531365846791,0.3670763020522211,75.40424186238951
Ben Revere,1,1755,0.0630620188571522,0.0820850184051253,0.0626388403640499,0.575317588761116,113.13695168066002
Billy Burns,1,1697,0.1075311085294542,0.1428757028165086,0.0561039943027878,0.5927548967614553,90.5984822786359
Billy Butler,2,371,0.1229110511051212,0.0840970349865229,0.1951555572873315,0.4076782923385444,115.58012497119674
Billy Hamilton,1,2258,0.0977392743420458,0.1953050034142723,0.0938002159996446,0.4855496674813622,100.08554828474873
Billy McKinney,1,2561,0.0982570669479762,0.1891026256852159,0.1792581695434382,0.3643397925596416,118.76685662385258
Blake DeWitt,1,1079,0.0841383527854384,0.117212296194191,0.1749036324811181,0.4403790631438358,107.07210456397902
Blake Swihart,1,1302,0.098456284422757,0.1587887978237383,0.1323409157535607,0.4500080943889999,110.95693583987232
Bo Bichette,3,1338,0.080268432290526,0.178622998112062,0.1857902306423791,0.445246357092904,124.92184993388452
Bobby Dalbec,1,1577,0.1009047113812437,0.2777534056006726,0.2365434712760277,0.3648250483187713,130.94206173981854
Brad Miller,1,1653,0.1174426369165359,0.1710276148506175,0.1935037050921353,0.4348159038045042,147.30763420267664
Bradley Zimmer,1,1447,0.11651963631886,0.2846615025061587,0.1733751490639605,0.4401084324854992,129.92864361547407
Brandon Barnes,1,1646,0.0449574723175374,0.1680842443438639,0.1294683344868367,0.265978315799919,71.54009186521168
Brandon Belt,3,746,0.1656091325188913,0.1902514506618527,0.2448383174882567,0.3503398040353026,165.09180105689572
Brandon Crawford,1,1002,0.0775700563960459,0.2162747492768443,0.1224876401085814,0.4803522214152794,85.28039950936328
Brandon Dixon,1,1647,0.0400565419714141,0.222761096227548,0.1251689212024876,0.3209256097099126,74.00896408780493
Brandon Drury,1,2709,0.061475648268532,0.1460728948027019,0.1403865009954572,0.4384238466652037,113.22649913510377
Brandon Guyer,3,1283,0.0492993982303831,0.1116644122748885,0.1504343286215383,0.2825959054158843,105.02092133151103
Brandon Lowe,3,1362,0.1148097432387309,0.2154871439865532,0.2230288968698032,0.3875253602436833,152.08283900571502
Brandon Moss,2,741,0.0831309035789473,0.2105263155508772,0.1620651888280701,0.3193532722526315,104.3789746453917
Brandon Nimmo,3,2415,0.1277975098695589,0.1991557956293169,0.146394113358897,0.4878965753323533,129.59526816856524
Brendan Rodgers,1,1612,0.0724588366540511,0.1870168265782512,0.2262032400012696,0.4267835321555672,134.9584958766158
Brennan Boesch,1,1574,0.0465923828101649,0.1599025957096754,0.1480498662381344,0.3659253815299957,86.74815811160516
Brent Morel,1,1245,0.0568714253497407,0.1536954805082445,0.1622629603059424,0.4272863167783927,126.17371385930916
Brett Gardner,2,874,0.1324355270027653,0.1613926246632162,0.1036435263073422,0.4929370622636656,113.21100796414134
Brett Lawrie,1,1361,0.0811874813136986,0.175250238363242,0.228821531502968,0.4190916553376712,137.55263505809336
Brett Wallace,1,1326,0.0822530215038402,0.1976902696313121,0.1721964701637844,0.4651037892394732,125.74208887092595
Brian Anderson,1,1752,0.0926194597199283,0.190125710697181,0.1814704335789101,0.4106531576041462,129.68386551636186
Brian Bogusevic,1,145,0.0809195398,0.1213793100666666,0.1360215054,0.4592592590666667,123.53652754779914
Brian Dozier,2,1402,0.0744306440670004,0.0907500707818353,0.1071931398401183,0.3170309357756174,106.18064064723517
Brian Goodwin,2,1786,0.1269621185825161,0.2377129286467708,0.1366988523522461,0.4323917377735433,103.38529401541886
Brock Holt,1,1620,0.0879980395605935,0.1189780743153478,0.1076546062670579,0.5167902123932262,140.00982778052128
Bryan LaHair,2,606,0.064686468,0.1663366336,0.1246376816,0.3091334888,75.00028564612369
Bryan Reynolds,3,1095,0.0738617551757693,0.158121967211869,0.1172240113331319,0.3534496849467452,102.12122595329365
Bryce Harper,3,452,0.0973464675775181,0.1501047473914301,0.1476914581244296,0.3474104098488592,103.6295494923537
Buster Posey,3,705,0.1096361520338352,0.1242124425162858,0.1749107575437115,0.4082552624848607,130.14173936534047
Byron Buxton,2,1435,0.0879206895065483,0.2353982430158295,0.2135628537622568,0.3863646809169136,144.95222605203625
C.J. Cron,2,1494,0.0555070870138679,0.1616632389615716,0.1902414783791401,0.3953054108371038,118.79322702499738
Caleb Joseph,1,1095,0.0569018104566894,0.1292775941727691,0.1189504281552964,0.2888762504932717,77.13718028566508
Cameron Maybin,1,1300,0.1155654355984705,0.211535347851797,0.1654503733279811,0.5534685381804623,131.9888144513671
Cameron Rupp,1,1336,0.0774460033976898,0.2461025623145875,0.1607038106528965,0.4186480520091728,108.78676198216584
Carlos Asuaje,1,1930,0.0930658398680922,0.1473244598781777,0.1498157796269984,0.4364086780382775,125.00519389228702
Carlos Correa,3,1221,0.1066002359195793,0.1582702821839452,0.2044647308719597,0.4765810058768707,147.67307423500196
Carlos Gomez,2,157,0.0764331208,0.117197452,0.1028571431999999,0.3438596488,82.45326511938289
Carlos Gonzalez,2,1817,0.0922404001838519,0.1941906081117011,0.1765668154714708,0.4451055035932528,120.4694024759802
Carlos Pena,2,249,0.0722891565461847,0.1419009367951807,0.1058057473895582,0.2605866498795181,74.61883405618879
Carlos Quentin,3,135,0.0533333328,0.0829629624,0.1808695656,0.3232323232,125.71498669117582
Carlos Santana,2,1675,0.1672285933733723,0.1532035193622232,0.2457613017912163,0.3758258294109582,162.12153198650307
Carson Kelly,1,2517,0.0938794163149875,0.1492645352991364,0.128537012930016,0.4262373948034217,106.25357489859122
Casey McGehee,1,429,0.0683760682,0.1247863246666666,0.1088541666666666,0.3584137186666666,77.22527251051898
Casper Wells,1,1179,0.0796900219402077,0.1892326978756834,0.203309213369005,0.2868325711010205,113.6275482449972
Cavan Biggio,2,1531,0.170919906003505,0.2159837614971508,0.1983150250975122,0.3337218024795751,138.62683062199625
Cedric Mullins,2,2237,0.0786966658212368,0.1528006047992761,0.1547570958341285,0.4195828245973876,101.66667309476968
Cesar Hernandez,1,3196,0.0770873045657911,0.1614496484779555,0.0967648432000572,0.5649552902511477,105.96803826345874
Chad Pinder,1,1584,0.054310124209181,0.2208054714616789,0.1686882614200203,0.4426155661133143,109.48763278633768
Charlie Blackmon,2,1590,0.0710704578278643,0.1220651307925096,0.1881070534963886,0.4391938844073472,130.22197500406608
Charlie Culberson,2,3123,0.0456085303490909,0.193096573917113,0.1499502900642938,0.4573244283749217,92.90085917313492
Chas McCormick,2,1075,0.1182556136547782,0.1361197305189269,0.1432249376108919,0.3924530871556481,104.1167352700503
Chase Headley,2,817,0.114879728773043,0.2047573323114567,0.2335276203829963,0.3228593513901503,142.81512747330373
Cheslor Cuthbert,1,2417,0.0878258474184631,0.1541450469091426,0.1460357385278752,0.4488563110586338,104.76908254521824
Chris Carter,2,3190,0.1214799835156577,0.2059726755945617,0.2446351492948768,0.3345532805462212,139.05466291163663
Chris Coghlan,1,1183,0.1164975809966023,0.1093404602452291,0.1663394505180206,0.4506409398313088,136.9113381716992
Chris Davis,2,1700,0.0863894557876102,0.2310358430292756,0.2474429330503989,0.3517054020836344,139.3990322207153
Chris Getz,1,776,0.0912280582318234,0.1011396072449311,0.115800410273038,0.4414500228114816,111.81634522946293
Chris Heisey,2,1514,0.0792615285028317,0.136985816507908,0.187107533019447,0.3378142743292361,138.5534338402797
Chris Johnson,2,1394,0.0514444714857939,0.1946411307727628,0.1610597437320821,0.4371732931928287,99.33131768519588
Chris Nelson,2,1409,0.0912486019245897,0.1669537694691921,0.1701879657647478,0.4359332126671729,110.78510477426356
Chris Owings,1,2079,0.036317790816383,0.1982621200430085,0.1447742371661788,0.4602377814737856,104.51236010584412
Chris Parmelee,1,2646,0.1337482960515557,0.188139977357366,0.2044851850585598,0.3232990620257602,143.81704201974694
Chris Taylor,2,1526,0.1221495495736322,0.1797068529659037,0.1375699281641883,0.4791630794783942,132.79445684250248
Christian Arroyo,2,1945,0.0595376071541065,0.1556378926746316,0.1494945550433501,0.5079642945117092,110.97314911802025
Christian Vazquez,1,1895,0.0948352430326609,0.1671459677282118,0.115907182477104,0.4851772535860306,107.5054321297186
Christian Villanueva,2,2721,0.0693533286010642,0.1911880394285939,0.1731095295521082,0.3570605159292011,102.11734049348708
Christian Walker,2,1561,0.0863641923411003,0.2167954438817033,0.1802827849629689,0.3987934751573695,125.72745914102912
Christian Yelich,3,1190,0.0890671014693614,0.1677644097837707,0.1625333192747302,0.4164186377417051,121.30733661649164
Christin Stewart,1,1835,0.1216692260954473,0.2261240902052089,0.2315149041164863,0.3513157338344285,137.8389522092279
Clete Thomas,1,932,0.097895048269519,0.2095183512576544,0.137180191174632,0.3662802005307844,100.43858703673696
Cliff Pennington,1,1186,0.15603690749581,0.1275145850546096,0.0898251225287741,0.4005558747562365,103.3226990468107
Clint Robinson,2,1185,0.0511954989243319,0.1057665255268635,0.1347760001468354,0.2920992421203938,87.9855648369523
Cody Asche,1,1273,0.0755382495516449,0.1975551908947625,0.1757261583915567,0.392321755493607,127.74185606629456
Cody Bellinger,2,1416,0.09229796439432,0.1767991977472604,0.1784629605368149,0.2749963331515253,106.22025925521828
Colby Rasmus,2,943,0.1178684768041061,0.1771428983300777,0.1910144532924475,0.2942379309498754,108.58546512127936
Colin Moran,1,1956,0.0907763511114754,0.1936908982149117,0.147566058733011,0.4468024711245767,114.3376463084151
Conor Gillaspie,1,2038,0.0979753912811497,0.1324608104498225,0.143048098765176,0.3623421240320693,105.37768283665328
Corey Dickerson,2,1649,0.0764110511619941,0.1651239802279457,0.2644222560609003,0.3495933848954067,155.2105707272423
Corey Seager,3,1618,0.075797863616379,0.1780044389545297,0.1940374716630504,0.4164214545170869,125.6958787908326
Cory Spangenberg,1,1631,0.0544006069864343,0.1524552429425077,0.0864704709165428,0.471820678351731,90.81937548226328
D.J. Stewart,1,891,0.0501309387018331,0.1473999250587355,0.0904427017403666,0.2849582968993641,62.8190055100305
DJ LeMahieu,1,1655,0.0624723470482503,0.1090719072261083,0.0980493463507165,0.5621632086468317,110.3164899851402
Daniel Descalso,1,1766,0.0892065569467085,0.1096674304825852,0.1395116094893103,0.4716717661042627,107.57217872971653
Daniel Murphy,2,966,0.0702252694689002,0.0892053990518086,0.1370003530540422,0.341833422194319,97.83224300333534
Daniel Palka,2,1906,0.0981441088272537,0.3097040944681893,0.2505821545165602,0.4075630153321734,133.6678431104259
Daniel Robertson,3,3642,0.104205021095109,0.1623867498294874,0.1193991632612024,0.4958908923967239,118.54805060887064
Daniel Vogelbach,2,2762,0.153288524852875,0.1789317991236342,0.1837072356029536,0.4441155149866042,136.71481570457917
Danny Espinosa,1,1120,0.0890415573072087,0.2142148795797101,0.1901095488397515,0.5118694866264258,120.5360757139912
Danny Santana,3,2503,0.0485292732001556,0.1828586390517692,0.1241556220320298,0.5023453788839694,107.50532882202609
Danny Valencia,2,1593,0.0668787538731931,0.1719083256712733,0.1790006582254343,0.4853475741786222,120.35661556787971
Dansby Swanson,1,377,0.0680813437333333,0.1381078687999999,0.1035035034,0.2996108947333334,85.70772398243321
Daric Barton,3,917,0.1073064335633587,0.0977099231607415,0.1305547703432933,0.2769669936907307,95.89520452137457
Darin Ruf,2,1257,0.0620525054192521,0.1203924686130999,0.1217000821654733,0.2796364475932112,95.37164805058896
Darwin Barney,1,1679,0.0607875797487675,0.1154634609833339,0.0819966198403777,0.4689687887904472,89.67025410606492
Daulton Varsho,1,1006,0.071954681324568,0.1241537393107397,0.1660623285482848,0.3170223392449496,119.48659338059876
David Bote,1,1996,0.0749798526550187,0.148736228044677,0.1185689660015546,0.4064810346443156,98.07235522255972
David Dahl,2,1487,0.0564947969750508,0.1702233899263276,0.1552106819526249,0.3404280953694246,103.3137652799684
David Fletcher,1,1434,0.0594539666603139,0.0985344406603001,0.1162276655258306,0.4704443600131068,104.58521723413313
David Freese,2,592,0.0777027026666666,0.111486486,0.1245858186666666,0.3341815093333333,88.42317740962633
David Lough,1,1578,0.0648984362566204,0.1303775913217519,0.1681415275298022,0.4667209099517596,115.56918260772272
Dayan Viciedo,1,1408,0.0534356577616756,0.167445819549704,0.1637283168963073,0.4651070492077556,107.6297504914025
Dee Strange-Gordon,1,1802,0.0627501067345178,0.1362011112342884,0.0812561199035992,0.5966687721254361,98.07638422109508
Delino DeShields,1,2468,0.1240181475193875,0.2196330627450037,0.1158357744147886,0.4780088924801955,106.61239609721945
Denard Span,2,732,0.0721311469377049,0.1377049174644809,0.0812401693639344,0.4930877444502732,83.18901700351412
Derek Dietrich,2,1553,0.0609858005656237,0.1811079230212792,0.1613280925763504,0.2983857248366968,108.61763251076545
Derek Norris,1,2061,0.1517122511193432,0.2180382813220978,0.2134551257304844,0.3070757377835697,126.80561744151774
Desmond Jennings,2,1984,0.1104047427785835,0.1457612883744318,0.1541366936815805,0.4586406441295387,130.98473022875777
Devin Mesoraco,2,1738,0.0951310985756409,0.1746226091256431,0.2071751512887634,0.3438980840776171,132.35901568913914
Devon Travis,1,1124,0.0688980088642774,0.0997406215475885,0.1303993771515398,0.3662365050399948,112.3387909099502
Dexter Fowler,2,928,0.1347008897484037,0.1966050431871901,0.1807713141426135,0.5097278280387469,147.06168529986348
Didi Gregorius,1,2066,0.0719168669319042,0.1270533668099741,0.1255113654731016,0.4258648869289516,100.80975292108972
Domingo Santana,2,2786,0.1162505735077325,0.2942458336277352,0.212530694451822,0.4738515108647965,135.92302618898674
Domonic Brown,1,2077,0.1028406171638765,0.1814668723623982,0.1736936374699831,0.4774551237947506,131.97709419395656
Donovan Solano,1,2375,0.0562692561170446,0.1348143306252713,0.0706131181368394,0.5044166091439729,69.65603897185431
Drew Stubbs,1,1511,0.1128290278236089,0.2219044601662162,0.1075003350698211,0.4409342701327867,112.45696057016434
Dustin Ackley,1,918,0.1309714799982509,0.1197506588768748,0.1476100053952627,0.4486725773315725,109.70400339542007
Dwight Smith Jr.,1,2673,0.0975966717205269,0.151835209358899,0.1308496549982676,0.5180324189649006,111.19065625311214
Dylan Carlson,2,1576,0.0869484367499134,0.1708581027385132,0.147828369695586,0.3310326135133752,100.5433331629956
Dylan Moore,1,1165,0.084497139145369,0.1620922100936189,0.0930045758093208,0.3222547611471068,75.13011521529418
Eddie Rosario,2,2089,0.059089059441045,0.1761443887956079,0.1809811482034967,0.4089469846922881,119.7139911074486
Eduardo Escobar,1,2561,0.0559792929280098,0.1853572232704205,0.1012519174857093,0.4649134019711917,87.36689832351495
Eduardo Nunez,1,1930,0.055024355682103,0.1192452342459047,0.0957855721259867,0.4880267274646644,99.04827543284486
Ehire Adrianza,1,2668,0.1054124863990905,0.1658309553800962,0.103425745382033,0.4529527055892963,95.98724125160996
Elias Diaz,1,2085,0.0820002726433275,0.1445654905148389,0.1110298960124519,0.4522942851958428,104.79027608198292
Elliot Johnson,1,951,0.0639327019777076,0.204416403184858,0.117501656367613,0.3778281261838065,67.94916066532559
Eloy Jimenez,3,1630,0.0683179110917257,0.1638011072163664,0.2240659901091856,0.4180167384612941,159.29714112823658
Elvis Andrus,1,1098,0.0636295709149963,0.141534281951849,0.0620089212626917,0.450118032506507,72.98306169474543
Emilio Bonifacio,1,998,0.0612166898367528,0.1559145484276897,0.0713632723272727,0.4993895745322213,83.3135599558358
Emmanuel Rivera,1,1836,0.0505546795586713,0.1257829680087903,0.0887276664231666,0.404890885995396,77.50747876743665
Ender Inciarte,1,2464,0.0740531851635636,0.1280901519674563,0.0953073104789674,0.5177223249302267,103.5220688585802
Enrique Hernandez,1,1922,0.0663331170146549,0.1158861666949974,0.1438740712501475,0.4530414814235846,107.2037940556576
Eric Haase,2,1854,0.0747586977204324,0.234881631229631,0.2006516909409338,0.282923176346137,101.04768768049276
Eric Hosmer,2,1138,0.119328466771346,0.1422554580203287,0.1933231487434417,0.5130039677747595,159.22046909457475
Eric Sogard,1,1894,0.1210375116389703,0.1037390216220194,0.1136029696328702,0.4246721729223615,113.8510512571912
Eric Thames,2,1034,0.0916570092149034,0.1906256123348013,0.2374949122637625,0.3888307014030637,146.74025487426167
Eric Young Jr.,1,1643,0.1047790447209998,0.1537296096127466,0.1235247611273628,0.5643923585455223,116.589914576515
Eugenio Suarez,2,2360,0.098072280308162,0.1844530296479272,0.1523021694351631,0.4023630190355822,119.75286715447432
Evan Gattis,2,619,0.0333871833764135,0.1044695742164782,0.1387486650231556,0.2859165747775983,95.07659951429274
Evan Longoria,2,575,0.1284607669962441,0.1863749818938967,0.2060334041117371,0.3694629901887324,141.6572019813017
Everth Cabrera,1,1014,0.0909858509715485,0.1337300152178738,0.0946451842148126,0.5266526019520132,92.30971577119188
Ezequiel Carrera,1,1911,0.1055876525896946,0.152133989166471,0.0784211103410882,0.5630204332232799,112.78548493351023
Felix Pie,1,618,0.0543689320388349,0.1216828476893204,0.1503285285255663,0.3808904549074433,96.2261912949209
Fernando Tatis Jr.,3,1100,0.079836522693225,0.2077707356070582,0.1750999373073847,0.3222662205858766,109.67581012422669
Francisco Cervelli,2,348,0.0689655166666666,0.1130268193333333,0.07816092,0.298550724,83.70648410837943
Francisco Lindor,2,1770,0.0908174917001907,0.1537465039231088,0.1110125498538438,0.5122830778744112,107.69441690012154
Franklin Gutierrez,1,138,0.0463768112,0.1159420288,0.1178294576,0.4377358487999999,114.27055124901554
Franmil Reyes,2,2888,0.1056081873526725,0.2220681852842319,0.2092010000890984,0.4643765394150757,129.5363399821908
Freddie Freeman,3,1759,0.0766936600119751,0.1490157718986346,0.1705338153460487,0.4459060055632827,126.70581037576112
Freddy Galvis,1,2501,0.053708000185604,0.1576640438228112,0.1001511526031318,0.466439319275817,78.4094927518375
Gaby Sanchez,2,1106,0.0971098811679487,0.1028922979980769,0.147259710700641,0.3048286639501602,111.77249051663397
Garrett Cooper,2,791,0.0530973448520859,0.1449641799410029,0.0892839446186262,0.3098249723261693,85.27458525846411
Garrett Hampson,1,1536,0.0972363991328113,0.1556186587568027,0.1479808772273806,0.4972627235504336,122.43162059738208
Gary Sanchez,2,2652,0.0786958293202372,0.1844291541465421,0.1820689276108611,0.4272099432904221,125.7904503586207
Gavin Lux,2,1767,0.119148174480267,0.1841067709046659,0.2262328637775533,0.4677435442535758,153.12563324653422
George Springer,3,1090,0.1365635038031844,0.2654144880320493,0.287562705500154,0.3983203505277862,167.59690614126856
Geovany Soto,1,449,0.0944320712,0.167483296,0.2389610384,0.3227118639999999,136.25002550774667
Gerardo Parra,1,1253,0.0718824120202645,0.0912691849606593,0.1015884055940753,0.4320926577031929,96.22669507579826
Giancarlo Stanton,3,1331,0.0989147253579414,0.2100137670889751,0.2443962158642791,0.2900251517079044,126.2132060546268
Gilberto Celestino,1,1632,0.1095301139705829,0.1531981329360489,0.1223548939161331,0.4532369779008271,100.98680669767111
Gio Urshela,2,2870,0.0421542082260562,0.1166547028120305,0.1330494141044473,0.422706802302476,95.67691905730112
Gleyber Torres,2,1383,0.0861342670323738,0.149101030270398,0.1204347241794127,0.3592186913800296,99.402546068641
Gordon Beckham,1,166,0.0618473892666666,0.1060240962,0.1446712021333333,0.2483870964666666,102.52745213744902
Gorkys Hernandez,1,2773,0.0825202025891453,0.2006647109655594,0.0922121826287369,0.5564323292112727,99.44466310038942
Greg Bird,1,1376,0.1235630946695565,0.193029294840334,0.2094909697570306,0.3114479564416159,148.29714248460522
Greg Garcia,1,2054,0.1177996118313811,0.1767980274989907,0.1191326954824593,0.5146608373825348,115.30120365521653
Gregor Blanco,2,545,0.0924770639999999,0.1247706416,0.0637931032,0.4851063824,85.71503830363307
Gregory Polanco,1,1981,0.0999982990467069,0.1523021851717002,0.1561553931559489,0.4677999808658734,128.77002934614833
Hanser Alberto,1,2530,0.0331424646811451,0.0958324034682587,0.1070870973115525,0.44414791972513,87.35003993299047
Harold Castro,1,2468,0.0307010125926284,0.1596811948947564,0.0624646988750668,0.484006674852189,73.75885539206419
Harold Ramirez,2,2555,0.0564751582074376,0.15523085042309,0.1438258606877561,0.5097755858310509,123.32167260547718
Harrison Bader,1,1224,0.0697698022018058,0.2428805238965479,0.1861064075123382,0.4053084334210737,119.0888185965718
Hernan Perez,1,2819,0.0520630277629352,0.128136342462749,0.1067591048626,0.4129147022579353,94.45382046105269
Hunter Dozier,1,1859,0.1018630110701647,0.238318851506931,0.1793521226775711,0.3871184161853296,112.62382801742902
Hunter Pence,2,106,0.0754716976,0.1132075464,0.1852631576,0.3061728392,111.79611750531376
Hunter Renfroe,2,1704,0.060198047270824,0.2207633750019156,0.2135446492481908,0.3659458398069805,119.88096071472368
Ian Desmond,1,1302,0.0934964204045557,0.1837444242611652,0.144983369150358,0.4783709797599588,125.82451250191568
Ian Happ,2,1407,0.1246836772530886,0.2423658783078501,0.1961154847794492,0.4436658291356379,114.73903028559728
Ian Stewart,1,772,0.0860103622590673,0.1637305699253886,0.18635809386943,0.3489228987088083,101.17627012896604
Ike Davis,2,727,0.088415846549585,0.1815302762067282,0.1597899367716397,0.3226292282385652,114.75538816341086
Isiah Kiner-Falefa,1,1845,0.0614612870834274,0.0987262287327778,0.0499008375799152,0.4334233335858203,79.52043242674272
J.D. Davis,2,1781,0.0691789493065536,0.203580187778788,0.1786389509035661,0.3447177520666921,110.12231999188076
J.D. Martinez,3,1179,0.0737948185575434,0.1270807773340114,0.1525183543195362,0.3432926206612309,122.8530615083901
J.P. Arencibia,1,1745,0.0551982852198921,0.2055255813107128,0.2419324716198244,0.3322826262759204,113.33977483780116
J.P. Crawford,2,2356,0.1317157644588513,0.1496370168246373,0.1293381905203303,0.4204779378977335,115.08389870510008
J.T. Realmuto,2,1719,0.0679086564740932,0.1238253991725738,0.1066246719244386,0.3533820236444049,87.75531363746315
JB Shuck,1,1943,0.1154347367663731,0.0963191958386463,0.0730344557126337,0.5647550439723726,104.42580175115836
JT Riddle,1,1537,0.0481717148154753,0.1134771181230994,0.0784236521614939,0.4007301379968357,80.29596291126869
JaCoby Jones,1,1408,0.0810575248185979,0.2941718424684475,0.1569805711359158,0.4834372536139739,108.98347887049688
Jace Peterson,1,1649,0.1142618034699447,0.1285527621500654,0.1198563757270212,0.4862174928447745,107.35945587509268
Jackie Bradley Jr.,1,949,0.125243936125813,0.1836578541977642,0.1811305097853658,0.4348538734495936,141.14789184591012
Jacob Stallings,1,821,0.0852618753706861,0.1518473404449858,0.0815763422452293,0.27744278682095,69.41770574796487
Jacoby Ellsbury,2,401,0.0638403984,0.0937655856,0.0661157024,0.454193548,84.74223687466426
Jake Bauers,1,2670,0.117462628387586,0.1795795593043707,0.1435161007600598,0.4283630312573941,121.58963162990472
Jake Cave,2,2603,0.0731282611744083,0.2205211760518634,0.1505960862055472,0.4780958865022738,119.28384179517744
Jake Cronenworth,2,1771,0.0880078680653864,0.1265103823452094,0.0724342069255315,0.4187194789737887,88.8822488033464
Jake Lamb,2,1037,0.0931314836040256,0.1743492711386899,0.187173681877596,0.3304003461672648,125.18460935325488
Jake Marisnick,1,2036,0.0569367497793917,0.1837816204697807,0.1619904441558178,0.449332688679582,111.80492344383867
Jake Smolinski,1,2522,0.1165603565020722,0.151831943435542,0.1319097335847375,0.4220822422779767,107.14357472947653
James Jones,1,2054,0.0830329941075414,0.1663545413012644,0.1246364246123934,0.4679148298058083,95.58659418306826
James Loney,1,261,0.076628352,0.147126436,0.0824034328,0.3384615384,68.3153655767191
James McCann,1,1353,0.0540308946566352,0.1858855374971794,0.1166313232990378,0.4324571029815272,97.23856556466416
Jared Walsh,2,1411,0.0933955378175524,0.2543291064329371,0.2144181051091958,0.3490731172592657,133.7177649075564
Jarrod Dyson,1,614,0.0766910472160535,0.1499008697132664,0.038965408470903,0.56368985170301,64.76707925605182
Jason Castro,1,917,0.1182371507993146,0.1451643569136481,0.107243310652632,0.4191426932874995,106.35168242875017
Jason Donald,1,1218,0.0921053826700523,0.2126389451774409,0.1479592952013073,0.4595638349106126,114.18713839619728
Jason Heyward,2,917,0.0935944373828746,0.0992131124041378,0.1706504071320273,0.3551338826095371,130.57632011776286
Jason Kipnis,2,1121,0.1021705673735395,0.1765437524158672,0.1939672350705335,0.3803754620291058,136.71037198276483
Javier Baez,2,1559,0.0712313169775872,0.268877121461964,0.2607443638230263,0.4253241773997959,140.98646455776216
Jay Bruce,2,703,0.0603415878278583,0.198125579266838,0.2283852429976431,0.3327663795297388,139.02959925361662
Jayson Nix,1,483,0.0513457551999999,0.1308488608,0.1275626423999999,0.343820224,81.4891572408184
Jean Segura,1,1627,0.0533810235776017,0.0996743877551581,0.0982516392820576,0.4098611825078038,93.13861364132856
Jed Lowrie,2,819,0.1180082779831913,0.1566692804037091,0.1792965573552917,0.320207585541117,124.72665312203468
Jedd Gyorko,2,1502,0.0927691945712823,0.1751924471054016,0.215903404183413,0.3962895842868607,137.2152857130913
Jeff McNeil,2,1234,0.050783359995678,0.0713128033176661,0.0566216543106429,0.3035049745067531,85.21788507263854
Jeimer Candelario,1,3231,0.1108161851788736,0.1819619191855461,0.1794195750928922,0.4444545976501459,123.48491565926984
Jemile Weeks,1,884,0.1105359882105681,0.1400619857832279,0.1322390618867751,0.440660022644231,111.37601014758566
Jesse Winker,3,2331,0.1311242286991338,0.1467109302244371,0.1268910240423464,0.4693604169767047,133.5764863321677
Jesus Aguilar,2,2785,0.1092018979671226,0.1911953822770891,0.1811104711246765,0.4086499879267393,131.83768746053056
Jesus Guzman,1,961,0.069456976672351,0.1179516465933682,0.1706721213518823,0.3610269965971578,117.73487045623004
Jesus Montero,1,3088,0.0818700343632454,0.1781068637197361,0.1924326450787728,0.4355361258323638,128.1885690862213
Jimmy Paredes,1,2570,0.0474930850244356,0.185506178548457,0.1521997201706147,0.4893922997394824,103.9538425315182
Joaquin Arias,1,997,0.0312938809701103,0.0802407218527582,0.0760615181263791,0.3545768489973921,60.47018900177803
Joc Pederson,2,1881,0.1515072597219525,0.232919329435932,0.2450394827155359,0.4382606022821786,156.30817426338103
Joe Panik,1,1834,0.0908226387163482,0.1022453412891804,0.1095367927904883,0.4741616852197718,108.35484666072182
Joey Gallo,2,1983,0.1440408395521661,0.3569175951103235,0.3087574696445942,0.2774732113937422,143.28827158614772
Joey Votto,3,580,0.096551724,0.1517241376,0.1467741936,0.2987212271999999,108.49807266659214
Joey Wendle,1,1111,0.059647126438847,0.1170453451548738,0.1396352095419303,0.3291606030204864,95.88091684854312
Johan Camargo,2,2057,0.0607180091252523,0.1438885133493255,0.1172834278333095,0.4838354191974369,106.62180967369042
John Hicks,1,1336,0.0655820768097851,0.1831930334091592,0.1164758885025605,0.4730783850373051,98.46266806766371
John Jaso,2,924,0.1199768850130618,0.1001625117128794,0.1585002716476416,0.4405418553986028,124.52348873991376
Johnny Giavotella,1,2390,0.0977776457030215,0.106495501093336,0.1395650899299703,0.4473337660796092,126.10998826783232
Jon Jay,2,1242,0.0694210266381969,0.1225123998688355,0.1251447661305555,0.4947106627868757,102.13864494668536
Jon Singleton,1,3136,0.1549068889281747,0.2343398934347042,0.2021968398029091,0.3814152362390521,123.86386513181267
Jonathan Herrera,1,1273,0.0788221702576005,0.1096238420134935,0.0694696410770706,0.4966710273105625,79.64413864941396
Jonathan India,2,624,0.1005308292718564,0.1674544635493008,0.1081952869910377,0.2914927072819074,103.40104214622754
Jonathan Lucroy,2,1305,0.1029287378234166,0.1113083505246414,0.1295625284988467,0.3124993018320446,105.66959628870536
Jonathan Schoop,1,1843,0.069963756485409,0.1722220880578484,0.1343111995228995,0.4249020351795035,99.35706235964412
Jonathan Villar,1,2804,0.093212222431672,0.2512509925872446,0.132719746575296,0.5677539440158803,99.1471740366398
Jordan Pacheco,1,1442,0.064262598047619,0.0628756351904762,0.08781735827092,0.2679368279371243,85.2687263597936
Jordan Schafer,1,1372,0.0955737810526122,0.2105967835724952,0.1331577772468131,0.4907440636336915,94.55171944969122
Jordy Mercer,1,1877,0.0607790028719926,0.1509509723171043,0.1389239183129158,0.4081703288238869,95.8671296110552
Jorge Alfaro,1,2507,0.0479199488073664,0.2830015732931105,0.1518236863659214,0.5019137001881887,100.11489623214985
Jorge Bonifacio,1,2901,0.0873767099991487,0.2215466048460609,0.1547449413748106,0.3647222664060591,107.85067598671648
Jorge Polanco,2,2384,0.08306991313843,0.1450672835429066,0.1374873181901425,0.3765653639867624,117.03512986406112
Jorge Soler,2,364,0.10258173847411,0.1642554108197411,0.2468078851194174,0.4087401753071197,123.20120670052158
Jose Altuve,3,1909,0.0581998589254935,0.0904130867013734,0.1208592907523623,0.3918115549405764,104.54593128280142
Jose Iglesias,1,1152,0.0518099089160579,0.1407807974417821,0.0505042972164002,0.5410412965130518,63.40255384463969
Jose Lobaton,2,949,0.1009740468897732,0.2224272933819851,0.1488817821215048,0.460749631718986,91.8368636150439
Jose Lopez,1,949,0.0600349648489626,0.1672349308933129,0.0432341415814169,0.402521014514715,50.50801407967133
Jose Martinez,3,3458,0.0778773807179745,0.1378739558288877,0.1138436863586405,0.4679302408130171,86.31019462016174
Jose Miranda,2,2081,0.0670410470015395,0.1229362353016252,0.1948139182340487,0.4364493250184443,138.11671064137005
Jose Peraza,1,2157,0.0477468213455166,0.1019504448792319,0.0864669925810642,0.4728555194471465,106.92890131630308
Jose Pirela,1,3819,0.0765801544094201,0.1421024832631838,0.1318709439205039,0.4802398946131617,108.86005733006677
Jose Ramirez,3,2687,0.0872625695509488,0.0989996201035097,0.0985210750650313,0.4631625385313834,107.1615232979024
Jose Reyes,2,1915,0.0737936603752764,0.163393143975696,0.0956162800876034,0.4264960290085199,68.53324758834557
Jose Tabata,2,1615,0.0758330397089989,0.1308899736314533,0.0918775763395118,0.5709117918751998,104.5533993212142
Jose Trevino,1,1656,0.0399145981755995,0.0937503773122928,0.0964257485043441,0.381569711768836,68.48140169740138
Josh Bell,2,4248,0.1004258152671672,0.1911882133773684,0.1729603391147186,0.4719596858417699,128.68410637030428
Josh Donaldson,3,1552,0.1314558072250459,0.191477582436544,0.1966035545655938,0.4050182837421974,115.67215797253156
Josh Harrison,2,1599,0.0567545578385792,0.0966113551641761,0.123446155590227,0.4324405117479244,116.70014390319837
Josh Phegley,1,1029,0.0534411955734216,0.1522036261267108,0.1231097867622074,0.3933863548542163,84.88943278221181
Josh Reddick,2,1865,0.0822683312221576,0.1669337914286128,0.2299272050842419,0.3665139601153785,118.76980521367987
Josh Rojas,1,775,0.0883996348004551,0.1357856751290838,0.1263663670473214,0.2924429047796326,86.34936293547055
Josh Rutledge,1,1064,0.0606199651753254,0.1609511802398415,0.1995704491908319,0.4322533431434069,150.41046153714825
Josh Thole,1,1493,0.1102160061088845,0.1054301811964693,0.1148550098942717,0.4955288490871153,118.56761731009357
Josh VanMeter,1,2500,0.0992190419310401,0.1804217057948417,0.1671173008096866,0.3997196992345231,114.4154509122312
Juan Francisco,2,2210,0.0406151730363831,0.2256965589976898,0.2349113826751014,0.4432803660380779,127.78030126605572
Juan Lagares,1,2175,0.0409163082511023,0.1347766810587506,0.0928739599023757,0.4197500558442525,82.84907596549512
Juan Rivera,1,641,0.044721788427457,0.1196047837493499,0.0415509337129485,0.4001887159791992,43.3632116659033
Juan Soto,3,183,0.0510018213333333,0.0910746806666666,0.1262327413333333,0.350119904,122.81294015567478
Julio Borbon,1,1051,0.0622443949371937,0.0963067560783667,0.0923920928350705,0.547254291877951,108.17707246706536
Junior Lake,1,2468,0.0609711747319081,0.2239510811760198,0.1477753383978543,0.4818714861356974,105.75204375868915
Jurickson Profar,1,2104,0.1124087860658635,0.1250204524335093,0.1586492592200973,0.4519312271679016,120.85424470164176
Justin Bour,2,1889,0.0809684236372659,0.1510657334164241,0.1339478072524687,0.3843440836057166,97.3314616929817
Justin Maxwell,2,684,0.1073544971932539,0.1604894177003968,0.1916464516608466,0.3422859975382276,104.05504582300355
Justin Smoak,2,623,0.144283243629646,0.1694347111143247,0.1436915193322205,0.4419334950687704,115.59287397949042
Justin Turner,3,1431,0.0839874977481748,0.1187279753692088,0.1105690769931502,0.4499213550330666,115.96279343228495
Justin Upton,2,456,0.0977947947170603,0.1370288708577428,0.1886863239790026,0.3047805156052493,124.89075919124517
Ke'Bryan Hayes,1,1921,0.0955301362845509,0.1746153597000723,0.1364316495130423,0.4453147300069626,109.12912843847523
Kendrys Morales,2,275,0.0436363632,0.0872727272,0.1160784312,0.3418181816,99.9233281951611
Keon Broxton,1,2762,0.0811209327846211,0.226105109397399,0.1304641844658441,0.3802602087657453,83.34685702327445
Keston Hiura,3,1099,0.0943511306540971,0.2489264566336995,0.2290047312783275,0.4321296900346165,135.56099565160284
Ketel Marte,2,2024,0.0597774218192806,0.1173151490972905,0.1115012667918936,0.5342659721498124,109.74151885214982
Kevin Kiermaier,1,1631,0.0852973145104673,0.1708532019490083,0.1343017887464223,0.5317625765167246,120.9158923350216
Kevin Newman,1,1770,0.0662865894353435,0.1033959572660725,0.1000562346774919,0.4546834349024216,105.01629289382308
Kevin Pillar,1,1354,0.058020755519821,0.1379297242245002,0.1566803367065092,0.4215094990267308,129.31110438294996
Khris Davis,2,1356,0.1288383610388391,0.1973121020141264,0.2094763276083127,0.4081852712516687,146.54712101554915
Kirk Nieuwenhuis,1,1653,0.0980403426688047,0.2419275662150093,0.1892779468650456,0.4787739195101667,125.75079782224157
Kole Calhoun,1,1304,0.0935350226658863,0.1581587381981797,0.1847257779791657,0.4140663422798424,113.55384864039812
Kolten Wong,2,1264,0.0844201569105091,0.1264390311537739,0.147135825032286,0.4994028432527267,120.88491446727764
Kris Bryant,3,594,0.1351290677333333,0.25705948352,0.3107738412800001,0.2942181993333332,173.60921646412072
Kurt Suzuki,1,240,0.0699999999999999,0.1366666664,0.0682464447999999,0.3720930232,69.58068554510203
Kyle Blanks,1,1729,0.1044489938677507,0.1992947918837804,0.2277456777818978,0.3802381842769246,141.48870524859015
Kyle Farmer,1,1066,0.0414846423002165,0.1236573566114822,0.1043016415355495,0.3505336614315541,84.87314228405272
Kyle Schwarber,3,434,0.1296092326294436,0.160681428025997,0.2068655566451994,0.2559013113221073,145.12889962722628
Kyle Seager,2,1237,0.098288370405896,0.1233253667364843,0.1605271554131093,0.4285358358661373,140.5305973843591
Kyle Tucker,3,2207,0.0961858165181463,0.1942165250165704,0.2464173952089482,0.3699196853194902,129.05890368720208
Leonys Martin,1,587,0.0801170382853345,0.1114230971597579,0.1684538480949678,0.4416424315013006,122.4675090888505
Leury Garcia,1,2335,0.0563749579404498,0.1968402281623052,0.1000686474780155,0.5415762766861951,96.65796150229512
Lewis Brinson,1,2238,0.0808289845304233,0.2251929015122041,0.2197052932990241,0.417825048892536,131.4165090046944
Logan Forsythe,1,1285,0.158630149177132,0.2082144980333912,0.1429196562980915,0.431611115832315,130.99689408905223
Logan Morrison,2,1704,0.1492624625388475,0.1377565908872272,0.1785523442158277,0.4865262170883467,138.45041874429367
Logan Schafer,1,1106,0.0787426780771404,0.1134185269798641,0.1403611832681332,0.4326364564991569,122.27857551445425
Lonnie Chisenhall,1,1905,0.0826436246750785,0.1599664559981362,0.1906906451343036,0.3798315774161388,128.62631981978222
Lorenzo Cain,2,1601,0.0966218252995162,0.1916244399695167,0.1271947088156827,0.4871551979348007,112.9107011641538
Lourdes Gurriel Jr.,2,341,0.0352471064816229,0.1812018180997613,0.1352587623150358,0.4051794592295943,92.16749941984172
Lucas Duda,2,1795,0.1201378149349922,0.189983401817917,0.2101886457808013,0.3820393067091168,144.17332156833874
Luis Arraez,3,1499,0.0639546214565273,0.0668784020915707,0.0614109780837297,0.3948663276040824,104.80254933287664
Luis Gonzalez,1,4081,0.0573107469925056,0.1512200263384243,0.0807540212888841,0.3672757405841679,70.05817738497475
Luis Guillorme,2,2591,0.1155921174090857,0.1248391935513453,0.0813771164870786,0.5606774397594243,110.83292141439476
Luis Rengifo,1,2152,0.1023070560204635,0.1475585925770324,0.1676743693406321,0.4857664193114696,121.53683627558736
Luis Torrens,2,1482,0.0748164529031758,0.1353511566720622,0.1223929571533325,0.3992415187791767,96.4185044164282
Luis Urias,2,2331,0.1138294031526875,0.1530727274656654,0.1475357343142312,0.4934887123814478,127.81699939249935
Luis Valbuena,1,1147,0.1066921331653453,0.1395353007384059,0.1385415593349809,0.4498338378373145,106.7864845238735
Luke Hughes,1,1185,0.0838117641541482,0.2013668543962447,0.1822657685485659,0.3268307826318344,114.5660769189401
Luke Voit,2,1107,0.0698584760487804,0.1276723874128274,0.091048538767841,0.3014825680252936,84.95935859360786
Maikel Franco,1,2288,0.0554386079360039,0.1406060132336875,0.1839770707338239,0.4702741318756043,123.1272116472642
Mallex Smith,1,1929,0.0967272555571616,0.1733848769740054,0.0950904821790206,0.5664200487257283,116.44833238081522
Manny Machado,3,889,0.0836797428446806,0.126459010181117,0.135854471255922,0.325804861014103,93.20567509449728
Manny Pina,1,1466,0.0877960197661198,0.1336541092485421,0.1231494483882155,0.4367581723579616,87.52145046787737
Manuel Margot,1,1985,0.0740548736034494,0.1165732262531699,0.1315903313702038,0.4371891917769308,112.9888424994914
Marcell Ozuna,2,2023,0.070560582039866,0.1850883731012659,0.1911630947590819,0.3503638185288181,116.99743945036649
Marcus Semien,2,1741,0.1389391398179093,0.1627872463031948,0.2044000508827463,0.3536650254299622,142.27016034522896
Mark Canha,2,1437,0.0906753276974494,0.1509361010058779,0.1437644255885569,0.3311506026169318,111.00528409784523
Mark Reynolds,2,155,0.0946236558666666,0.1513978488,0.1696517408666666,0.286,113.49960758595766
Mark Trumbo,2,2264,0.0782358464307446,0.1932187263555357,0.2270724662705661,0.4446076568368311,122.44383379573114
Martin Maldonado,1,1482,0.0772465403853189,0.1911542273464402,0.1347466074230124,0.4737805436084077,91.93078457463903
Martin Prado,2,443,0.061399548,0.074040632,0.0830379744,0.4538681944,96.69693061789071
Marwin Gonzalez,2,1828,0.056963037793012,0.1207854928050901,0.093747663389404,0.5188288834401782,75.42284701074352
Matt Adams,2,1569,0.0663425377343426,0.1819286039312294,0.2650635467665771,0.3846748686045084,144.21936400413588
Matt Carpenter,3,854,0.1092291119709838,0.1364742121937757,0.1233528751136686,0.343155259591901,113.47662363991444
Matt Chapman,2,1262,0.1116151301196849,0.2834970001761137,0.2922274124646766,0.3199362070533545,133.56620202269977
Matt Davidson,1,3598,0.0990489772832583,0.2701034687774272,0.1839800692265721,0.3596005812130961,106.61308074502126
Matt Dominguez,1,2349,0.080760230310722,0.1448068940898178,0.1503316940055482,0.4155982953531324,91.85468269109468
Matt Duffy,2,2366,0.0742550535354405,0.1262502942433367,0.1093770644601088,0.3798194421357773,106.94880744164408
Matt Joyce,2,1234,0.1090845134119908,0.2155317088361661,0.2046898688780475,0.2987115533583379,120.44224752456772
Matt Kemp,3,174,0.0459770112,0.1195402295999999,0.1689440992,0.286567164,105.67841587834091
Matt LaPorta,1,862,0.1086574498380952,0.1598039190029762,0.2704025757,0.3445481596517856,159.2694041374702
Matt Olson,3,2857,0.147948127865331,0.2407353081199058,0.2224837036362243,0.3599104428296151,123.15801497863004
Matt Wieters,1,693,0.1403891171768321,0.1556655398723404,0.2276890283678486,0.4539786117295509,167.7629412788603
Max Kepler,2,1923,0.1179977579660001,0.1376823875280391,0.1775509466813734,0.4280342373416039,138.20551504873166
Max Muncy,3,2975,0.121866981809243,0.2194976475343064,0.1583879390469453,0.3991904663191493,114.93997721466036
Max Stassi,1,2040,0.0685491790002577,0.2475675228655897,0.1759952121038242,0.4562354799816993,92.41091093717192
Michael A. Taylor,1,2090,0.0779491504628529,0.2105484796381268,0.1465982415443876,0.3659731357974676,100.1925368382134
Michael Brantley,2,1801,0.1121479535871308,0.0843176838343543,0.0888348338536082,0.490204712829733,112.17792176797695
Michael Chavis,1,1596,0.0605408975606164,0.1948520461311542,0.1708512510913682,0.3291993132097924,98.40594768908387
Michael Conforto,2,733,0.0973627146482524,0.1462197443851044,0.2270842527995191,0.4134421881636054,183.01847229726616
Michael Saunders,2,1474,0.1180705352663468,0.2233524494455466,0.1887368148880798,0.4342410693721078,125.20207028681446
Miguel Andujar,3,2474,0.0620674684533731,0.1426212725475974,0.1500063907657019,0.4465055502626162,117.27539933356624
Miguel Rojas,1,2296,0.0676818903343654,0.1145834541923279,0.051960658786508,0.5498509281109925,57.53480845173162
Miguel Sano,3,1813,0.0983867833401878,0.2100588916385906,0.2341234027504327,0.2527186182558537,123.112103477499
Miguel Tejada,1,211,0.0410742490963665,0.2274881512701421,0.0621920792417061,0.2634972353870458,52.85425466059714
Mike Carp,3,1931,0.1021138024529591,0.1749147844815526,0.1827846547477536,0.3551437651612866,110.11523649332533
Mike Moustakas,1,1863,0.0672121656812016,0.1474963202429239,0.2492441433479909,0.3476809119888694,130.44047443670416
Mike Trout,3,1200,0.0896316489061379,0.1327907722889798,0.1495406361522019,0.3245578142796001,122.9377281633772
Mike Yastrzemski,2,1367,0.0627621329513085,0.1491511893185447,0.1230543992647827,0.343746157000918,89.9111840408996
Mike Zunino,1,362,0.0743575220947967,0.23457694105,0.2361665556137398,0.3064585749877236,105.79233617439613
Mikie Mahtook,2,1669,0.0786198685206344,0.2135884337104778,0.1499238603724751,0.43066720175326,116.39377384133331
Mitch Garver,3,1249,0.0795302906453162,0.0950093402599412,0.0886453093781692,0.272137628492127,85.18885276234316
Mitch Haniger,3,1214,0.068981714839811,0.1334102306661952,0.1320478990914989,0.2928865171332018,93.83038870665824
Mitch Moreland,2,1587,0.0996726779044461,0.1426676157657563,0.1905054131611975,0.4189024600344953,131.0633371255248
Mookie Betts,3,1307,0.1310373102619702,0.1115476136348271,0.1667120454275413,0.4295242943771223,158.30244971193966
Myles Straw,1,1999,0.1197476615783734,0.1665510916097551,0.0698809336882272,0.5375156551361808,110.79040798431416
Nate Schierholtz,1,816,0.0372549014274509,0.1068627448696078,0.1987661573392156,0.3178194134676471,107.04197135396862
Nathaniel Lowe,3,1718,0.1463895960625622,0.1858515277701038,0.2085753360690967,0.4518545224064755,151.5371104765075
Neil Walker,2,1619,0.072595976341168,0.1536642100218226,0.1787048441934888,0.3670386648601642,103.40903147115536
Nick Ahmed,1,1845,0.077439504218571,0.137139641204586,0.1065725234376702,0.4766176220156392,97.4808174458037
Nick Castellanos,2,1741,0.076301149428142,0.1919996990052561,0.1507197535532572,0.3927407973393874,117.03494534241996
Nick Franklin,1,2250,0.1121156265625296,0.1941438956162713,0.1728425359518171,0.3705348350348317,122.61801335083956
Nick Gordon,2,2773,0.0652363532048991,0.1980500661707278,0.1177554746369323,0.4874330655622063,97.570020951905
Nick Hundley,1,665,0.0787558718004662,0.1663970065751218,0.208324172587243,0.351639452545285,88.32149169543928
Nick Senzel,1,951,0.1040471461811987,0.1947349451351064,0.206607101468106,0.4284596314066505,164.00762562838074
Nick Solak,1,1859,0.1057984974289374,0.2012336312477169,0.1929984120614646,0.5197028245230463,131.99007073085582
Nick Williams,2,2384,0.0502551893074389,0.2482185606899061,0.1930577485501744,0.4579080706897797,122.89823855439576
Nicky Delmonico,1,1942,0.1021645011506127,0.2044658544494052,0.1755860605234182,0.4122741597020689,118.98209305421304
Nicky Lopez,1,1579,0.1061170205254448,0.0878426491370959,0.1101924977069656,0.5495382042899573,115.77065407978768
Niko Goodrum,1,2271,0.0931907503615027,0.1816554410554582,0.1044319370571071,0.3626565544794606,86.42007961274228
Nolan Arenado,2,1783,0.0543399785228414,0.0811389521238747,0.1287924814214916,0.3260002524496692,90.58225072173175
Nolan Reimold,2,789,0.0743557242465568,0.1198986053831009,0.1668608789700887,0.2872901839139839,100.20487850817372
Nomar Mazara,1,1680,0.0856808249039851,0.1776979833015988,0.1342019029250775,0.3487614550296531,95.74826511123652
Odubel Herrera,2,2589,0.0557257214488285,0.1309761959729591,0.0648588191621579,0.4383784221944261,84.21497001488113
Omar Narvaez,2,1715,0.0747494909245526,0.0853346678037568,0.0590713498142086,0.4281144898038206,81.48564344735932
Oneil Cruz,2,1830,0.0962495646047197,0.2386560965077201,0.1871252742091588,0.5101840162201359,116.65777091932696
Orlando Arcia,1,2278,0.067053276993001,0.1402988751788408,0.1313287762398532,0.4793022145016749,106.3242473400697
Oscar Gonzalez,3,2874,0.0428454730805657,0.2008990927305769,0.1856131954474286,0.4702623068074997,109.0894343982427
Oscar Mercado,1,2688,0.0793198076445763,0.1759175848862531,0.1187988183051616,0.408204204102459,101.20217366014217
Oswaldo Arcia,2,1945,0.0830267685484397,0.2211266438472824,0.2140037961619111,0.3723866679747364,135.26700206199567
Ozzie Albies,2,1666,0.0767947704407104,0.1662146488891152,0.1320472839713182,0.4760835353485259,120.15231041537352
Pablo Sandoval,2,909,0.0395214596726448,0.0964578359689496,0.1679459104234251,0.3346228245314327,104.28702357613648
Patrick Wisdom,2,2053,0.086145019659288,0.2559019064552494,0.1560909409286638,0.3914454256217873,90.55253332155924
Paul DeJong,1,989,0.0659471991743536,0.2412958040680548,0.2196257713447857,0.3431294285399965,126.9440521471602
Paul Goldschmidt,3,1387,0.1142133689927175,0.1800216556538306,0.2468468865115679,0.2794188314512863,134.41658594351097
Paul Janish,1,618,0.0876215997089086,0.1281604529866484,0.0849996616704488,0.4009536305758942,73.2155758734942
Paulo Orlando,1,1774,0.0375037031869957,0.1339465589324728,0.1175622338460237,0.3880713803068134,87.03155113170895
Pavin Smith,1,1234,0.092834159739637,0.096920300182179,0.1240246426449668,0.3676010733566779,103.83971883257608
Pedro Alvarez,2,968,0.128701976510489,0.2481329641380588,0.2378981249295657,0.4313185982739108,143.1218634639847
Pedro Feliz,1,422,0.101105844921011,0.1516587672843601,0.0337948250742496,0.4106109787867298,60.28720550664332
Pedro Florimon,1,2115,0.0701999903555371,0.1876207933657125,0.0909461572264055,0.3966684530017087,70.25995971659106
Pedro Severino,1,1920,0.0568822645656136,0.1588064026235847,0.097657686768272,0.4077386852781184,83.252930079651
Pete Alonso,3,1043,0.1171799167571273,0.2198587191644167,0.2870633535500718,0.4063322447636214,156.75213202973868
Pete Kozma,1,2531,0.0890281501992461,0.1795271766522307,0.1100110736652601,0.3958557877526367,70.75025576004654
Peter Bourjos,1,1774,0.0660376033691597,0.1679107224735617,0.1627533505582246,0.4989802932406271,113.6911207648334
Phil Gosselin,1,1744,0.0689897329935994,0.1624250944080065,0.0786102970924168,0.4784999472591301,84.65951889877252
Preston Tucker,2,1531,0.0942368085533442,0.1822476099249662,0.2056471195184376,0.4246450027051248,129.64431844198356
Quintin Berry,1,1769,0.0850985054734616,0.1444908442850314,0.0563298507318927,0.5045059061388344,83.41639988580297
Rafael Devers,3,1676,0.0661807167476053,0.1357293124445252,0.167572925909604,0.3736389315148523,109.72414399606166
Rafael Ortega,2,3012,0.0998826874409916,0.1405405962391709,0.1006476591087022,0.4690522794042542,103.3776640773974
Raimel Tapia,1,3290,0.0564109820478679,0.1464914057585304,0.1512373363758347,0.5023184962873088,124.54456450942727
Ramon Hernandez,2,1983,0.0413965789842725,0.1648774746430633,0.1256952005855401,0.3073105892861865,79.7751088849002
Ramon Laureano,2,1616,0.1008825596909246,0.2351778634755272,0.1897636586179426,0.3906765091170869,124.43276449708992
Randal Grichuk,2,2190,0.0519391809768212,0.2029900562816985,0.2215374625590642,0.37776223795515,110.0966635502876
Randy Arozarena,3,1302,0.0892411517995969,0.1856726138281646,0.1809894054339201,0.5008690872728054,128.35665608774184
Reid Brignac,1,1435,0.0677304259985671,0.1686785679031513,0.1457917586632386,0.3385629059353631,93.43695965101928
Renato Nunez,1,3229,0.0706635685802923,0.214941985164172,0.2072946985728027,0.3763340081781431,107.55404773073388
Rene Rivera,1,635,0.0701645009981124,0.1885178770655677,0.1223722611351642,0.4326785647783035,71.68869511332909
Rhys Hoskins,3,1904,0.1205008706304004,0.1814577939551115,0.2700573298540041,0.3293553770125325,160.10250605330262
Richie Martin,1,1545,0.0690434592228685,0.1437748336558162,0.0898638541503623,0.4722523750642266,79.93728329750856
Rio Ruiz,1,3069,0.1071020121024497,0.1994120345261788,0.1351081052719362,0.4738442363366654,106.74109865182088
Robbie Grossman,2,2799,0.1379918760484207,0.2134326594020422,0.123360401933392,0.4444069806331905,122.78464982400796
Robert Andino,1,848,0.0547169809622641,0.1509433961622641,0.131841326581132,0.3792359816867924,76.20561740119004
Roberto Perez,2,2496,0.1339677889310415,0.2177638528410526,0.0927434616485164,0.5264801311719357,84.11065437493023
Robinson Chirinos,2,712,0.0880913723666073,0.1378557908326833,0.101752899009322,0.3755586034156638,80.07370083789259
Roger Bernadina,1,933,0.0813251545590896,0.1762003972422242,0.1289316900739096,0.5275574819403567,121.55719299368349
Ronald Acuna Jr.,3,1041,0.0825152793001571,0.214929151169922,0.1690880791938804,0.4371048761594227,141.77566465189983
Ronald Guzman,1,2552,0.0844817087149831,0.1869292155014571,0.1528854662619118,0.4118602671051052,114.30319230119515
Ronald Torreyes,1,2285,0.0588682622922815,0.0595375642910439,0.1019472499963906,0.4574434625033884,106.42696748701796
Ronny Cedeno,1,327,0.0733944951999999,0.1125382256,0.1421602784,0.3514644344000001,117.82326731932405
Rosell Herrera,1,3207,0.0979002491262223,0.1766631455182096,0.1058032227486625,0.5092749874681104,102.99367622494364
Rougned Odor,1,1560,0.0685118717029461,0.131182253246578,0.1991794047470539,0.4337931507845405,137.41259794373644
Rowdy Tellez,1,2374,0.1016309670036111,0.1799056487950939,0.1720399072651607,0.4033402565061337,119.11127419987233
Ruben Tejada,1,2151,0.0698026544627942,0.122916278747311,0.0869208131015109,0.4335544978421244,93.56674435830914
Ryan Braun,3,134,0.0895522384,0.0656716416,0.2871794872,0.28737864,143.9715947419999
Ryan Flaherty,1,1793,0.0861330640124734,0.1916002536580513,0.1872544145207785,0.4358246093837444,110.45209405137815
Ryan Goins,1,1645,0.0634792022685186,0.1168205724160565,0.088335538827741,0.3954083198313837,84.811993774123
Ryan Howard,2,1791,0.0651431884546935,0.1542056741095743,0.1051616868675289,0.45837987271689,79.50008924917731
Ryan McMahon,1,2655,0.0846755576053227,0.2404974896104392,0.214154091137398,0.4069219148853432,133.73970560985313
Ryan Mountcastle,2,2183,0.0458893460196671,0.2105699411097405,0.1872958116192805,0.3855775094312621,115.2103593752648
Ryan Schimpf,3,1332,0.0974112412525422,0.1807019315967108,0.1845289501669126,0.2467234445824694,110.30945403251546
Ryan Sweeney,2,450,0.0853333328,0.1262222216,0.1027707807999999,0.3726708071999999,85.46207552960797
Ryon Healy,1,1668,0.0595167948412942,0.1674074224284064,0.1667722580994015,0.4228012123559973,121.19998260264228
Salvador Perez,1,1101,0.0424384133278103,0.0782340441161634,0.0991760792836435,0.3897837222092192,76.5929533389488
Sandy Leon,1,1622,0.0884379886550952,0.1256461266140993,0.0699509192084142,0.330310695504329,66.520854853656
Santiago Espinal,2,1510,0.0742817703640333,0.1476514701590011,0.1085189604891586,0.3799100991117979,111.17190606265753
Scooter Gennett,2,2050,0.0539054263313261,0.146188287082223,0.1011227856556523,0.4602715968424594,97.10173481079325
Scott Kingery,1,1471,0.0600985760420928,0.1794884914351009,0.1676680000836783,0.3827374890906575,120.908673912873
Scott Schebler,2,2454,0.0742731850392773,0.2061918031391262,0.2137543650692515,0.4488546239454131,116.69059181754798
Scott Sizemore,2,1363,0.1098803302752181,0.1513630845198953,0.1712970133205933,0.4061247274488656,140.61792961929254
Sean Murphy,2,824,0.0908072204838772,0.1853183303310446,0.2265675874907359,0.4742403266773801,119.0320976866041
Sean Rodriguez,1,1311,0.0967680741769532,0.210037485665658,0.2511313162967109,0.3486942076080565,133.5419385851415
Seth Brown,2,1378,0.0706337685718432,0.1552975321543299,0.1155982925002419,0.2438213371693275,76.02755299308163
Seth Smith,2,506,0.0616600784,0.1154150192,0.1685144127999999,0.3503957776,105.59707126671096
Shin-Soo Choo,3,238,0.0705882352,0.1344537807999999,0.0923076928,0.4232558136,74.2328747741689
Starlin Castro,1,1098,0.0568498770905924,0.0846908827700502,0.0977795343185207,0.3789866036898436,101.74672807489137
Starling Marte,2,1952,0.0531753555418962,0.1978532383148064,0.1774969972839629,0.4827140533625259,133.01835940719366
Stephen Piscotty,2,1636,0.091522024886617,0.1201189946532546,0.1536391751422622,0.4510497265769327,117.35141349509205
Stephen Vogt,1,727,0.0715268224126547,0.0724438330169646,0.0695290495910132,0.3388060657955066,79.34460558498249
Steve Lombardozzi,1,2001,0.0796485681225909,0.1289827635357676,0.1188384329908125,0.4647962563684699,119.0650818883923
Steve Pearce,3,466,0.0697076151739103,0.1073505313468799,0.2290288709937911,0.3922085454893697,148.24652220363583
Steven Souza Jr.,2,2433,0.0928640823150405,0.1906109988359087,0.1542526344247672,0.3201916999236905,101.05629907999057
Stevie Wilkerson,1,1092,0.0634920631275946,0.1367521363510378,0.0580294993974358,0.3260958646288156,62.2226180196627
Teoscar Hernandez,2,2933,0.0896436234361492,0.2166603018352257,0.1855984990790174,0.3771659313846854,115.65740249572929
Tim Anderson,1,1407,0.0401833318402848,0.2223154179845463,0.115298271567726,0.534972195443437,115.28522409962628
Tim Beckham,1,2700,0.0817213199902525,0.2119966216895724,0.117307459908402,0.4959116179741132,100.27436607190056
Todd Frazier,2,1765,0.0873334785128592,0.1939184340181789,0.1908765100413536,0.3266685326062633,121.90762620470564
Tom Murphy,1,1116,0.0723881825071683,0.2761705693405306,0.2401610765901453,0.394654195140958,127.49741153207052
Tomas Nido,1,1804,0.0445500586359487,0.1342979879378669,0.0987919352792323,0.3784367218757966,72.11122858592913
Tommy Edman,2,1439,0.0799046450031938,0.1410905124590194,0.1474038313404867,0.4571251697631885,108.8694113954693
Tommy Joseph,1,1757,0.0500867339059966,0.1939543397171964,0.1627146531393762,0.4208116554806373,95.3168826945222
Tommy La Stella,2,953,0.0856109929523608,0.0758069155599623,0.123328864835277,0.3679069675270895,123.40537122874116
Tommy Pham,2,1583,0.0866339456509454,0.2011595088130708,0.14239370053836,0.3657199990772716,97.05772138548843
Tony Kemp,1,1797,0.1069227014588135,0.1177016781301429,0.0954683460801547,0.5209551042993044,119.73778544979098
Tony Wolters,1,1848,0.0697760731280196,0.1557029282946599,0.0672777891478252,0.3549052856236749,71.57306993650009
Travis Jankowski,1,1358,0.0997680233219503,0.1285186178673316,0.0848762889772812,0.592861911846882,122.1840560128916
Travis Shaw,2,1879,0.1206545695087541,0.2062231045080174,0.1892946103266707,0.3927830725643805,121.32665349400524
Travis Snider,2,1667,0.1167336313726297,0.2178017358939543,0.2244490148061229,0.4488285811545578,143.77638897502948
Travis d'Arnaud,2,1949,0.0675861838648569,0.1909023781108654,0.2189277734376643,0.4109332366522502,136.78056452962238
Trea Turner,3,1151,0.0919019325357217,0.1961421004750438,0.1468731048780901,0.4879565900453094,138.881945365773
Trent Grisham,1,1877,0.1538205479852535,0.1920734097597252,0.2218897197604432,0.3806863927437166,142.8066303219196
Trevor Crowe,1,982,0.0956755496221285,0.1615021000583011,0.1393239739466021,0.4666367926219249,105.870921069949
Trevor Larnach,1,644,0.0882842767504239,0.1888444545869588,0.1273266666397015,0.3702106109770597,118.5708206105841
Trevor Plouffe,1,1998,0.0600151473165325,0.1578474024115292,0.1456750047311924,0.4158757109454208,89.30321346729984
Trevor Story,2,2343,0.0936645327360279,0.2660081961375762,0.2135534982157886,0.3027747350704107,121.26529686306488
Trey Mancini,2,1978,0.0728738353398118,0.1943227847103775,0.1662255874815995,0.47828257761427,139.21399122360714
Tucker Barnhart,1,1563,0.1033050610050771,0.1415791995203434,0.0874025520591039,0.4500305257748261,90.58407470823695
Ty France,3,2299,0.0856471735229829,0.1576249177873595,0.2197737799389803,0.3691115937023752,144.3244678689934
Tyler Colvin,2,1581,0.0443333154538811,0.144201829768327,0.1461305840246418,0.3340134453437495,88.47539375949091
Tyler Flowers,1,1813,0.1443265982051433,0.2496846950398206,0.2113125118427809,0.4509253008593646,136.5062486627997
Tyler Greene,1,1016,0.0648365118304502,0.271200279806605,0.1397595716738344,0.4491694920911809,81.93465217859283
Tyler Naquin,2,1378,0.0977917868496602,0.2073075933637923,0.1394254183453306,0.5137514884948011,127.76878331710208
Tyler O'Neill,3,2381,0.0965955899706541,0.2730657651620563,0.262001475254692,0.3494619308593122,131.72107753150328
Tyler Saladino,1,1989,0.1076380080144975,0.1729525372908029,0.1372055505543238,0.4399528216274101,116.85655404446
Tyrone Taylor,2,2612,0.0629145670548539,0.1329139965003275,0.1481512865050283,0.4226292105512863,99.74452033025509
Victor Caratini,1,2007,0.1062489772349835,0.164020575005326,0.1552840261979216,0.5060203491888027,131.56583760625955
Victor Martinez,2,363,0.0220385669954086,0.135904499285583,0.0100053477098255,0.3591921433884297,11.91611922944874
Victor Reyes,1,2483,0.0571527771290667,0.1567501170810751,0.1200583216123639,0.5369467837380707,106.53025158096348
Victor Robles,1,1541,0.0806463895593812,0.1446154070395749,0.1442503321380421,0.4220612412951891,133.1969036548386
Vladimir Guerrero Jr.,3,1197,0.1114250809172574,0.1003882335714439,0.2200155750114101,0.4377009052982972,174.852611478045
Wander Franco,3,4515,0.0647536741010599,0.1284214823347951,0.1530994237534544,0.387269850253256,106.14897135138035
Welington Castillo,2,1562,0.0638507270960648,0.2168817260497144,0.1877653992535189,0.3991179085954641,101.17235801846508
Whit Merrifield,1,1654,0.0624443865679824,0.133526997943199,0.0939006324030579,0.3656321415800528,78.8951624660424
Wil Myers,2,1837,0.1156088100010596,0.2217824820152059,0.2237195707934291,0.4144496924578844,140.14542321626263
Wilin Rosario,1,1363,0.048018149604603,0.1712024799431223,0.1683227574312108,0.3805387724789946,86.05207169318508
Will Middlebrooks,1,1827,0.0720704323781437,0.2322009181339467,0.2062193626043577,0.4202624879982656,131.1803690736142
Will Smith,3,997,0.1324272916279447,0.2148865262270323,0.28209163421975,0.318404208188937,129.20514962255365
Will Venable,2,572,0.0487179484,0.1076923070666666,0.0697734627333333,0.3302540413333333,66.8572856376477
Willi Castro,1,2578,0.0604646285740472,0.1958584199987561,0.1406516522295123,0.4461110554539084,104.27531689519734
Willie Calhoun,2,1911,0.0911214807993952,0.1124580329245673,0.2150099114416358,0.40291314989388,122.59985319387305
Willson Contreras,3,2057,0.0980672277267566,0.1483537475652185,0.1684266553776849,0.5629238280507745,142.98770188886402
Willy Adames,2,2661,0.1191073568985517,0.2275540831931126,0.1410260625203227,0.4327993573453794,124.3497633561863
Wilmer Difo,1,2262,0.0574456420522838,0.1170118604901389,0.0871173402357795,0.3893192950049128,83.43772361440853
Wilmer Flores,2,3200,0.0583443560638282,0.1305403224579802,0.1806698132262216,0.419981718467281,122.77502304374777
Wilson Ramos,2,1325,0.0457586092462081,0.1615598645540129,0.1250240302859284,0.4501119843336399,96.61341750924446
Wilson Valdez,1,457,0.0393873081750547,0.0671043030765864,0.0574931265003646,0.3446523962932167,66.38216844225748
Xander Bogaerts,2,1526,0.1121802555377053,0.1848932861665835,0.1821684318665463,0.4756506045703245,140.09121215676035
Yairo Munoz,2,1942,0.048955030608965,0.1703518841351376,0.1422073659560121,0.4895314863390198,98.49674947088376
Yan Gomes,1,1139,0.0740805776499867,0.221244844972861,0.2146633625046316,0.3837345273605782,129.7671654576992
Yandy Diaz,3,1428,0.1330114865452598,0.139812021105763,0.1109890101619983,0.5627342433123556,143.01566659761664
Yangervis Solarte,1,1916,0.06051827045733,0.08478017098301,0.1183947964131099,0.4655074596404406,103.59091922543593
Yasiel Puig,3,167,0.0658682632666666,0.1273453089333333,0.209523809,0.3953623182666667,131.3156063660278
Yasmani Grandal,2,658,0.1346105010024102,0.1859284649719486,0.1870335860566666,0.419006632077282,140.6800938451343
Yoan Moncada,2,1215,0.1340995847569563,0.2739420806250768,0.1891507240499222,0.4130110760009208,139.1779778782407
Yolmer Sanchez,1,2416,0.0703391831408603,0.1711392908536884,0.0979532626028149,0.5128043621550731,109.4333337348564
Yonathan Daza,1,2337,0.0328591746397344,0.1006733043366524,0.0931488386874917,0.3656908160847036,91.75976260604082
Yonder Alonso,2,1297,0.1082223950263076,0.1512732331719841,0.1762670683596493,0.3814810238426785,130.62279377193596
Yordan Alvarez,3,1023,0.1233466258350459,0.2196434283812542,0.2825160219079152,0.3915037068421437,149.3322355801024
Yunel Escobar,1,195,0.0574358968,0.1107692304,0.0977777776,0.4421052624,104.22470047534166
Zack Cozart,1,1816,0.0792847978988893,0.1698369656673821,0.1515116283244543,0.4048893861888096,103.65685562545517
