Name,total_seasons,latest_season,PAavg,wRCavg,category
A.J. Ellis,3,2014,433.3333333333333,94.66666666666667,1
A.J. Pierzynski,6,2015,475.0,93.83333333333333,1
A.J. Pollock,7,2022,481.7142857142857,111.14285714285714,2
Aaron Altherr,1,2017,412.0,120.0,2
Aaron Hicks,7,2023,395.85714285714283,96.71428571428571,1
Aaron Hill,7,2016,500.57142857142856,92.57142857142857,1
Aaron Judge,6,2023,568.3333333333334,165.5,3
Aaron Miles,1,2011,490.0,86.0,1
Aaron Rowand,2,2011,354.0,76.0,1
Abraham Toro,2,2022,363.5,78.5,1
Adalberto Mondesi,1,2019,443.0,81.0,1
Adam Dunn,5,2014,582.2,106.4,2
Adam Duvall,6,2023,484.1666666666667,95.66666666666667,1
Adam Eaton,5,2019,591.8,117.4,2
Adam Engel,2,2018,399.5,53.5,1
Adam Frazier,6,2023,518.3333333333334,99.66666666666667,1
Adam Jones,10,2019,633.6,107.7,2
Adam Kennedy,2,2011,399.0,77.5,1
Adam LaRoche,5,2015,584.4,107.4,2
Adam Lind,8,2017,456.25,110.75,2
Adam Rosales,1,2017,312.0,58.0,1
Addison Russell,4,2018,492.75,87.5,1
Adeiny Hechavarria,6,2018,477.8333333333333,73.33333333333333,1
Adolis Garcia,3,2023,637.0,112.33333333333333,2
Adonis Garcia,1,2016,563.0,89.0,1
Adrian Beltre,9,2018,583.6666666666666,128.88888888888889,3
Adrian Gonzalez,7,2016,667.0,129.42857142857142,3
Albert Almora Jr.,3,2019,388.3333333333333,85.33333333333333,1
Albert Pujols,11,2022,590.9090909090909,118.72727272727273,2
Alberto Callaspo,5,2014,524.8,91.4,1
Alcides Escobar,10,2021,591.3,72.8,1
Alec Bohm,3,2023,553.0,93.33333333333333,1
Aledmys Diaz,6,2023,367.1666666666667,96.0,1
Alejandro De Aza,4,2015,538.25,101.75,2
Alen Hanson,1,2018,310.0,87.0,1
Alex Avila,6,2017,421.6666666666667,106.66666666666667,2
Alex Bregman,6,2023,633.5,137.33333333333334,3
Alex Dickerson,1,2021,312.0,98.0,1
Alex Gonzalez,2,2011,616.5,85.5,1
Alex Gordon,9,2019,602.6666666666666,104.88888888888889,2
Alex Presley,1,2012,370.0,86.0,1
Alex Rios,6,2015,570.1666666666666,94.16666666666667,1
Alex Rodriguez,4,2015,543.0,123.0,3
Alex Verdugo,4,2023,556.75,104.5,2
Alexei Ramirez,7,2016,627.1428571428571,84.14285714285714,1
Alexi Amarista,4,2015,379.75,69.5,1
Alexi Casilla,2,2012,345.5,76.5,1
Alfonso Soriano,4,2013,574.25,111.5,2
Allen Craig,3,2014,527.3333333333334,113.0,2
Amed Rosario,5,2023,610.0,95.8,1
Andre Ethier,6,2015,522.0,122.16666666666667,3
Andrelton Simmons,8,2021,552.75,84.625,1
Andres Torres,4,2013,425.5,96.25,1
Andrew Benintendi,6,2023,602.3333333333334,106.16666666666667,2
Andrew McCutchen,12,2023,637.0833333333334,129.08333333333334,3
Andrew Romine,1,2017,348.0,66.0,1
Andrew Vaughn,3,2023,546.3333333333334,103.0,2
Andrew Velazquez,1,2022,349.0,49.0,1
Andruw Jones,1,2010,328.0,121.0,3
Andy Dirks,2,2013,414.0,111.0,2
Angel Pagan,7,2016,519.4285714285714,103.28571428571429,2
Angel Sanchez,1,2011,328.0,66.0,1
Anthony Gose,1,2015,535.0,89.0,1
Anthony Rendon,7,2019,561.0,124.71428571428571,3
Anthony Rizzo,11,2023,596.8181818181819,128.0909090909091,3
Anthony Santander,4,2023,536.5,107.5,2
Aramis Ramirez,6,2015,526.8333333333334,116.5,2
Arismendy Alcantara,1,2014,300.0,72.0,1
Asdrubal Cabrera,11,2021,545.7272727272727,103.0,2
Aubrey Huff,2,2011,623.5,116.5,2
Austin Hays,3,2023,559.0,108.33333333333333,2
Austin Hedges,5,2022,348.0,58.4,1
Austin Jackson,8,2018,556.25,101.5,2
Austin Kearns,1,2010,461.0,108.0,2
Austin Meadows,2,2021,591.0,128.0,3
Austin Nola,1,2022,397.0,89.0,1
Austin Riley,3,2023,690.0,136.0,3
Austin Slater,2,2022,315.5,113.5,2
Avisail Garcia,7,2022,489.2857142857143,99.0,1
Ben Gamel,4,2022,432.25,95.0,1
Ben Paulsen,1,2015,354.0,99.0,1
Ben Revere,7,2017,473.2857142857143,80.14285714285714,1
Ben Zobrist,9,2018,614.5555555555555,116.66666666666667,2
Bengie Molina,1,2010,416.0,65.0,1
Bill Hall,1,2010,382.0,104.0,2
Billy Burns,2,2016,443.5,76.5,1
Billy Butler,6,2015,650.3333333333334,117.0,2
Billy Hamilton,6,2019,511.1666666666667,65.33333333333333,1
Billy McKinney,1,2021,300.0,73.0,1
Blake DeWitt,1,2010,496.0,92.0,1
Blake Swihart,1,2015,309.0,93.0,1
Bo Bichette,3,2023,662.6666666666666,125.0,3
Bobby Abreu,2,2011,626.0,111.5,2
Bobby Dalbec,2,2022,403.0,93.0,1
Brad Hawpe,1,2010,346.0,92.0,1
Brad Miller,6,2021,438.0,99.83333333333333,1
Bradley Zimmer,2,2021,340.0,85.0,1
Brandon Barnes,2,2014,379.0,79.0,1
Brandon Belt,9,2023,506.8888888888889,127.55555555555556,3
Brandon Crawford,11,2023,529.5454545454545,93.9090909090909,1
Brandon Dixon,1,2019,420.0,87.0,1
Brandon Drury,5,2023,503.4,99.4,1
Brandon Guyer,2,2016,365.0,120.5,3
Brandon Inge,3,2012,404.6666666666667,73.66666666666667,1
Brandon Lowe,3,2023,459.3333333333333,126.33333333333333,3
Brandon Moss,5,2017,495.2,108.0,2
Brandon Nimmo,4,2023,569.0,136.25,3
Brandon Phillips,8,2017,620.125,98.125,1
Brayan Pena,2,2015,369.5,80.0,1
Brendan Rodgers,2,2022,498.0,96.0,1
Brendan Ryan,4,2013,449.75,61.75,1
Brennan Boesch,3,2012,495.6666666666667,96.33333333333333,1
Brent Morel,1,2011,444.0,75.0,1
Brett Gardner,10,2021,599.4,104.3,2
Brett Lawrie,4,2016,491.0,95.25,1
Brett Wallace,1,2011,379.0,95.0,1
Brian Anderson,4,2023,483.5,99.5,1
Brian Bogusevic,1,2012,404.0,66.0,1
Brian Dozier,8,2019,610.5,103.625,2
Brian Goodwin,1,2019,458.0,106.0,2
Brian McCann,9,2019,473.55555555555554,105.22222222222223,2
Brian Roberts,1,2014,348.0,86.0,1
Brock Holt,4,2018,423.0,98.25,1
Bryan LaHair,1,2012,380.0,110.0,2
Bryan Reynolds,4,2023,611.5,125.5,3
Bryce Harper,11,2023,564.5454545454545,140.63636363636363,3
Buster Posey,10,2021,540.5,128.3,3
Byron Buxton,4,2023,392.75,102.5,2
C.J. Cron,7,2022,494.2857142857143,109.85714285714286,2
Caleb Joseph,1,2015,355.0,88.0,1
Cameron Maybin,7,2018,461.57142857142856,94.14285714285714,1
Cameron Rupp,2,2017,375.0,91.0,1
Carl Crawford,4,2014,510.25,111.5,2
Carlos Asuaje,1,2017,343.0,88.0,1
Carlos Beltran,7,2017,557.0,117.28571428571429,2
Carlos Correa,8,2023,521.5,127.625,3
Carlos Gomez,8,2018,471.0,100.75,2
Carlos Gonzalez,8,2018,558.875,118.0,2
Carlos Lee,3,2012,639.0,98.33333333333333,1
Carlos Pena,4,2013,529.0,102.5,2
Carlos Quentin,4,2013,417.5,133.25,3
Carlos Ruiz,6,2015,405.3333333333333,107.0,2
Carlos Santana,12,2023,644.9166666666666,115.33333333333333,2
Carson Kelly,3,2022,359.3333333333333,94.66666666666667,1
Casey Blake,1,2010,571.0,101.0,2
Casey Kotchman,3,2012,506.6666666666667,88.66666666666667,1
Casey McGehee,4,2014,578.25,90.5,1
Casper Wells,1,2012,316.0,98.0,1
Cavan Biggio,3,2023,357.0,104.66666666666667,2
Cedric Mullins,3,2023,600.6666666666666,114.33333333333333,2
Cesar Hernandez,7,2022,611.4285714285714,96.14285714285714,1
Cesar Izturis,1,2010,513.0,46.0,1
Chad Pinder,4,2022,347.75,96.5,1
Charlie Blackmon,9,2023,622.0,112.33333333333333,2
Charlie Culberson,1,2018,322.0,107.0,2
Chas McCormick,3,2023,394.6666666666667,118.66666666666667,2
Chase Headley,8,2017,587.5,108.625,2
Chase Utley,8,2017,482.875,106.125,2
Cheslor Cuthbert,2,2019,420.0,84.5,1
Chipper Jones,3,2012,447.0,122.0,3
Chone Figgins,2,2011,507.5,62.5,1
Chris Carter,4,2016,565.25,113.75,2
Chris Coghlan,4,2016,408.75,99.5,1
Chris Colabello,1,2015,360.0,143.0,3
Chris Davis,8,2019,561.625,105.0,2
Chris Denorfia,5,2014,383.4,105.0,2
Chris Getz,1,2011,429.0,66.0,1
Chris Heisey,2,2012,341.5,103.0,2
Chris Iannetta,7,2018,361.2857142857143,100.42857142857143,2
Chris Johnson,5,2014,490.6,103.4,2
Chris Nelson,1,2012,377.0,102.0,2
Chris Owings,5,2018,409.0,73.0,1
Chris Parmelee,1,2013,333.0,84.0,1
Chris Snyder,1,2010,376.0,82.0,1
Chris Stewart,1,2013,340.0,59.0,1
Chris Taylor,6,2023,501.0,109.16666666666667,2
Chris Young,6,2015,463.8333333333333,99.5,1
Christian Arroyo,1,2022,300.0,102.0,2
Christian Vazquez,5,2023,429.0,86.8,1
Christian Villanueva,1,2018,384.0,104.0,2
Christian Walker,4,2023,594.0,110.0,2
Christian Yelich,9,2023,616.4444444444445,129.44444444444446,3
Christin Stewart,1,2019,416.0,80.0,1
Clete Thomas,1,2013,322.0,65.0,1
Cliff Pennington,3,2012,536.0,82.66666666666667,1
Clint Barmes,4,2013,437.5,66.75,1
Clint Robinson,1,2015,352.0,114.0,2
Coco Crisp,6,2016,506.1666666666667,103.33333333333333,2
Cody Asche,2,2015,445.0,90.5,1
Cody Bellinger,6,2023,549.3333333333334,114.16666666666667,2
Cody Ross,4,2013,477.25,104.75,2
Colby Rasmus,7,2016,488.7142857142857,104.42857142857143,2
Colin Moran,3,2021,442.3333333333333,97.0,1
Conor Gillaspie,2,2014,479.0,99.0,1
Conor Jackson,1,2011,390.0,83.0,1
Corey Dickerson,5,2021,510.6,113.6,2
Corey Hart,3,2012,595.6666666666666,129.66666666666666,3
Corey Patterson,2,2011,369.0,80.0,1
Corey Seager,6,2023,574.8333333333334,134.83333333333334,3
Cory Spangenberg,3,2018,386.6666666666667,93.33333333333333,1
Cristian Guzman,1,2010,396.0,73.0,1
Curtis Granderson,9,2019,573.8888888888889,113.0,2
D.J. Stewart,1,2021,318.0,94.0,1
DJ LeMahieu,10,2023,592.7,98.6,1
Dae-Ho Lee,1,2016,317.0,103.0,2
Dan Uggla,4,2013,628.25,110.25,2
Daniel Descalso,5,2018,396.0,88.2,1
Daniel Murphy,9,2019,546.2222222222222,115.66666666666667,2
Daniel Nava,3,2014,420.3333333333333,110.0,2
Daniel Palka,1,2018,449.0,109.0,2
Daniel Robertson,1,2018,340.0,128.0,3
Daniel Vogelbach,3,2023,446.0,115.33333333333333,2
Danny Espinosa,5,2016,538.6,88.6,1
Danny Santana,2,2019,470.5,121.5,3
Danny Valencia,5,2017,465.0,109.6,2
Dansby Swanson,6,2023,602.6666666666666,92.5,1
Daric Barton,1,2010,686.0,126.0,3
Darin Ruf,2,2022,350.0,116.5,2
Darnell McDonald,1,2010,363.0,104.0,2
Darwin Barney,5,2017,476.4,71.0,1
Daulton Varsho,3,2023,496.0,97.0,1
David Bote,2,2021,341.5,85.5,1
David Dahl,1,2019,413.0,111.0,2
David DeJesus,5,2015,447.6,101.4,2
David Eckstein,1,2010,492.0,85.0,1
David Fletcher,3,2021,541.6666666666666,83.66666666666667,1
David Freese,8,2018,467.375,113.25,2
David Lough,1,2013,335.0,97.0,1
David Murphy,6,2015,460.1666666666667,101.0,2
David Ortiz,7,2016,576.5714285714286,149.28571428571428,3
David Peralta,8,2023,491.125,108.375,2
David Wright,5,2014,573.0,128.2,3
Dayan Viciedo,3,2014,526.3333333333334,95.33333333333333,1
Dee Strange-Gordon,7,2019,526.0,85.28571428571429,1
Delino DeShields,4,2019,433.25,78.0,1
Delmon Young,4,2013,521.25,98.5,1
Denard Span,8,2018,574.25,100.25,2
Derek Dietrich,4,2019,433.25,107.75,2
Derek Jeter,4,2014,680.0,97.25,1
Derek Norris,4,2016,441.25,97.25,1
Derrek Lee,2,2011,551.5,109.0,2
Desmond Jennings,3,2014,569.0,104.0,2
Devin Mesoraco,2,2014,396.0,110.0,2
Devon Travis,2,2018,405.0,93.5,1
Dexter Fowler,10,2019,523.5,107.5,2
Didi Gregorius,7,2021,495.7142857142857,94.42857142857143,1
Dioner Navarro,2,2016,427.0,78.5,1
Domingo Santana,2,2019,557.0,117.0,2
Domonic Brown,2,2014,526.0,99.5,1
Donovan Solano,6,2023,358.1666666666667,94.66666666666667,1
Drew Stubbs,5,2014,542.6,91.4,1
Dustin Ackley,4,2014,503.25,94.5,1
Dustin Pedroia,8,2017,578.0,115.75,2
Dwight Smith Jr.,1,2019,392.0,83.0,1
Dylan Carlson,2,2022,553.5,104.5,2
Dylan Moore,1,2021,377.0,74.0,1
Ed Lucas,1,2013,384.0,82.0,1
Eddie Rosario,7,2023,503.85714285714283,102.57142857142857,2
Edgar Renteria,1,2011,333.0,80.0,1
Eduardo Escobar,9,2023,507.44444444444446,96.0,1
Eduardo Nunez,5,2018,452.4,92.4,1
Edwin Encarnacion,10,2019,576.4,133.1,3
Ehire Adrianza,1,2018,366.0,83.0,1
Elias Diaz,4,2023,402.5,75.75,1
Elliot Johnson,1,2012,331.0,85.0,1
Eloy Jimenez,3,2023,440.0,121.0,3
Elvis Andrus,13,2023,611.6153846153846,86.53846153846153,1
Emilio Bonifacio,3,2014,509.3333333333333,87.33333333333333,1
Emmanuel Rivera,1,2022,359.0,95.0,1
Ender Inciarte,5,2018,592.8,94.0,1
Enrique Hernandez,6,2023,459.8333333333333,91.83333333333333,1
Eric Chavez,1,2012,313.0,126.0,3
Eric Haase,2,2022,366.0,105.5,2
Eric Hinske,1,2010,320.0,110.0,2
Eric Hosmer,11,2022,611.0,106.0909090909091,2
Eric Sogard,4,2019,395.5,85.0,1
Eric Thames,3,2019,468.0,116.0,2
Eric Young Jr.,2,2014,457.0,77.5,1
Erick Aybar,8,2017,555.625,87.375,1
Eugenio Suarez,8,2023,602.75,112.625,2
Evan Gattis,6,2018,443.6666666666667,110.5,2
Evan Longoria,10,2019,599.2,117.3,2
Everth Cabrera,3,2014,425.0,88.0,1
Ezequiel Carrera,2,2017,317.5,97.0,1
Felipe Lopez,1,2010,441.0,81.0,1
Felix Pie,1,2010,308.0,90.0,1
Fernando Tatis Jr.,3,2023,517.6666666666666,140.33333333333334,3
Francisco Cervelli,5,2018,385.6,104.8,2
Francisco Lindor,8,2023,645.125,118.375,2
Franklin Gutierrez,2,2011,486.5,68.0,1
Franmil Reyes,3,2022,495.6666666666667,106.66666666666667,2
Fred Lewis,1,2010,480.0,102.0,2
Freddie Freeman,12,2023,651.0,140.5,3
Freddy Galvis,6,2021,588.1666666666666,82.16666666666667,1
Freddy Sanchez,1,2010,479.0,104.0,2
Gaby Sanchez,4,2013,487.5,103.0,2
Garrett Cooper,3,2023,449.0,105.0,2
Garrett Hampson,2,2021,410.5,64.0,1
Garrett Jones,5,2014,526.8,105.4,2
Gary Sanchez,5,2022,451.2,105.2,2
Gavin Lux,2,2022,426.0,101.5,2
George Springer,9,2023,550.3333333333334,131.0,3
Geovany Soto,3,2012,407.3333333333333,98.0,1
Gerardo Parra,10,2019,469.2,86.2,1
Giancarlo Stanton,12,2023,522.5833333333334,134.25,3
Gilberto Celestino,1,2022,347.0,81.0,1
Gio Urshela,3,2022,489.6666666666667,115.66666666666667,2
Gleyber Torres,5,2023,569.6,115.2,2
Gordon Beckham,5,2014,505.6,80.0,1
Gorkys Hernandez,2,2018,399.5,80.0,1
Grady Sizemore,1,2014,381.0,83.0,1
Greg Bird,1,2018,311.0,82.0,1
Greg Dobbs,2,2012,390.5,87.0,1
Greg Garcia,1,2019,372.0,98.0,1
Gregor Blanco,4,2015,445.0,104.25,2
Gregory Polanco,6,2021,479.8333333333333,93.0,1
Guillermo Heredia,3,2021,370.0,82.33333333333333,1
Hanley Ramirez,8,2017,515.25,120.875,3
Hanser Alberto,1,2019,550.0,95.0,1
Harold Castro,3,2022,383.6666666666667,85.0,1
Harold Ramirez,4,2023,419.0,107.5,2
Harrison Bader,5,2023,378.2,89.8,1
Hernan Perez,3,2018,407.3333333333333,83.0,1
Hideki Matsui,2,2011,571.5,109.5,2
Howie Kendrick,9,2019,529.3333333333334,113.44444444444444,2
Hunter Dozier,4,2022,504.25,92.5,1
Hunter Pence,8,2019,588.25,118.125,2
Hunter Renfroe,6,2023,509.3333333333333,106.0,2
Hyun Soo Kim,1,2016,346.0,121.0,3
Ian Desmond,10,2019,585.5,94.3,1
Ian Happ,5,2023,548.4,113.4,2
Ian Kinsler,9,2018,639.4444444444445,106.22222222222223,2
Ian Stewart,1,2010,441.0,94.0,1
Ichiro Suzuki,7,2016,551.2857142857143,85.28571428571429,1
Ike Davis,4,2014,497.25,106.75,2
Isiah Kiner-Falefa,4,2023,491.25,81.5,1
Ivan Rodriguez,1,2010,421.0,70.0,1
J.D. Davis,3,2023,454.6666666666667,119.33333333333333,2
J.D. Drew,1,2010,546.0,110.0,2
J.D. Martinez,11,2023,537.0,132.0,3
J.J. Hardy,7,2016,534.7142857142857,87.71428571428571,1
J.P. Arencibia,3,2013,451.6666666666667,78.33333333333333,1
J.P. Crawford,4,2023,581.0,107.75,2
J.T. Realmuto,8,2023,544.25,110.125,2
JB Shuck,1,2013,478.0,97.0,1
JT Riddle,1,2018,332.0,79.0,1
JaCoby Jones,2,2019,400.0,80.0,1
Jace Peterson,5,2023,413.0,88.2,1
Jack Cust,1,2010,425.0,136.0,3
Jack Hannahan,2,2012,342.0,93.5,1
Jackie Bradley Jr.,7,2022,500.0,74.85714285714286,1
Jacob Stallings,2,2022,405.5,79.0,1
Jacoby Ellsbury,7,2017,551.7142857142857,104.28571428571429,2
Jake Bauers,3,2021,375.3333333333333,80.66666666666667,1
Jake Cave,1,2018,309.0,109.0,2
Jake Cronenworth,3,2023,616.3333333333334,105.66666666666667,2
Jake Lamb,3,2017,539.6666666666666,105.33333333333333,2
Jake Marisnick,3,2019,333.6666666666667,76.0,1
Jake Smolinski,1,2016,319.0,77.0,1
James Jones,1,2014,328.0,68.0,1
James Loney,7,2016,528.2857142857143,96.71428571428571,1
James McCann,6,2021,422.3333333333333,81.16666666666667,1
Jamey Carroll,3,2012,487.0,97.66666666666667,1
Jared Walsh,2,2022,519.5,101.5,2
Jarrod Dyson,4,2019,377.25,82.25,1
Jarrod Saltalamacchia,4,2014,434.75,100.0,2
Jason Bartlett,2,2011,575.0,85.5,1
Jason Bay,2,2011,455.0,102.0,2
Jason Castro,5,2017,432.2,95.8,1
Jason Donald,1,2010,325.0,90.0,1
Jason Heyward,12,2023,525.8333333333334,104.33333333333333,2
Jason Kendall,1,2010,490.0,69.0,1
Jason Kipnis,8,2019,587.375,100.5,2
Jason Kubel,3,2012,518.0,109.0,2
Javier Baez,7,2023,549.7142857142857,100.57142857142857,2
Jay Bruce,10,2019,566.1,106.7,2
Jayson Nix,2,2013,333.0,76.5,1
Jayson Werth,7,2016,541.4285714285714,122.85714285714286,3
Jean Segura,10,2023,555.4,93.8,1
Jed Lowrie,8,2021,520.25,103.375,2
Jedd Gyorko,6,2018,457.8333333333333,102.66666666666667,2
Jeff Francoeur,5,2016,487.2,88.4,1
Jeff Keppinger,4,2013,461.0,95.5,1
Jeff McNeil,4,2023,557.5,118.75,2
Jeimer Candelario,5,2023,534.8,96.6,1
Jemile Weeks,2,2012,474.0,92.0,1
Jerry Hairston,2,2011,426.0,92.5,1
Jesse Winker,4,2022,437.5,124.0,3
Jesus Aguilar,5,2022,452.6,105.4,2
Jesus Guzman,2,2013,319.5,98.5,1
Jesus Montero,1,2012,553.0,90.0,1
Jhonny Peralta,7,2016,543.5714285714286,105.57142857142857,2
Ji-Man Choi,3,2022,403.6666666666667,117.66666666666667,2
Jim Thome,2,2011,332.0,153.0,3
Jimmy Paredes,1,2015,384.0,97.0,1
Jimmy Rollins,6,2015,593.6666666666666,93.16666666666667,1
Joaquin Arias,1,2012,344.0,90.0,1
Joc Pederson,8,2023,460.0,118.125,2
Joe Mauer,9,2018,551.7777777777778,114.66666666666667,2
Joe Panik,5,2019,482.8,95.2,1
Joey Gallo,5,2023,493.4,107.4,2
Joey Votto,11,2022,617.0,147.0,3
Joey Wendle,4,2023,433.75,87.25,1
Johan Camargo,1,2018,524.0,115.0,2
John Buck,4,2013,449.0,90.25,1
John Hicks,2,2019,322.5,75.0,1
John Jaso,5,2017,368.6,116.6,2
John Mayberry,2,2013,431.5,87.0,1
Johnny Damon,2,2011,630.0,107.5,2
Johnny Giavotella,2,2016,434.5,86.0,1
Jon Jay,8,2018,477.0,106.25,2
Jon Singleton,1,2014,362.0,81.0,1
Jonathan Herrera,1,2011,320.0,58.0,1
Jonathan India,3,2023,530.3333333333334,105.0,2
Jonathan Lucroy,9,2019,474.55555555555554,102.22222222222223,2
Jonathan Schoop,8,2022,534.125,92.375,1
Jonathan Villar,5,2021,569.8,99.4,1
Jonny Gomes,5,2014,392.6,107.0,2
Jordan Pacheco,1,2012,505.0,90.0,1
Jordan Schafer,2,2012,349.0,69.5,1
Jordy Mercer,6,2018,488.0,88.66666666666667,1
Jorge Alfaro,3,2021,384.3333333333333,86.0,1
Jorge Bonifacio,1,2017,422.0,98.0,1
Jorge Cantu,1,2010,515.0,83.0,1
Jorge Polanco,6,2023,502.1666666666667,113.33333333333333,2
Jorge Posada,2,2011,419.0,105.5,2
Jorge Soler,5,2023,514.2,109.8,2
Jose Abreu,9,2023,648.6666666666666,126.22222222222223,3
Jose Altuve,11,2023,628.7272727272727,134.36363636363637,3
Jose Bautista,9,2018,578.4444444444445,137.22222222222223,3
Jose Guillen,1,2010,577.0,98.0,1
Jose Iglesias,8,2022,476.25,86.5,1
Jose Lobaton,1,2013,311.0,101.0,2
Jose Lopez,1,2010,622.0,69.0,1
Jose Martinez,3,2019,423.3333333333333,121.66666666666667,3
Jose Miranda,1,2022,483.0,116.0,2
Jose Molina,1,2013,313.0,67.0,1
Jose Peraza,3,2019,534.6666666666666,72.0,1
Jose Pirela,2,2018,408.5,99.0,1
Jose Ramirez,8,2023,608.75,124.25,3
Jose Reyes,7,2017,579.8571428571429,107.14285714285714,2
Jose Tabata,4,2013,384.5,103.5,2
Jose Trevino,2,2022,327.5,76.5,1
Josh Bell,6,2023,608.0,116.66666666666667,2
Josh Donaldson,8,2022,627.25,136.5,3
Josh Hamilton,5,2014,552.4,132.2,3
Josh Harrison,7,2022,488.57142857142856,100.42857142857143,2
Josh Phegley,1,2019,342.0,83.0,1
Josh Reddick,8,2019,513.5,107.0,2
Josh Rojas,3,2023,470.0,96.66666666666667,1
Josh Rutledge,2,2014,328.0,72.5,1
Josh Thole,2,2012,370.0,77.5,1
Josh VanMeter,1,2021,310.0,77.0,1
Josh Willingham,5,2014,492.8,121.8,3
Josh Wilson,1,2010,388.0,63.0,1
Juan Francisco,2,2014,352.5,101.5,2
Juan Lagares,4,2021,416.25,81.25,1
Juan Pierre,4,2013,553.5,80.75,1
Juan Rivera,3,2012,438.3333333333333,90.66666666666667,1
Juan Soto,5,2023,635.8,150.6,3
Juan Uribe,4,2015,450.5,111.0,2
Julio Borbon,1,2010,468.0,70.0,1
Jung Ho Kang,2,2016,418.5,130.0,3
Junior Lake,1,2014,326.0,65.0,1
Jurickson Profar,7,2023,476.2857142857143,88.85714285714286,1
Justin Bour,4,2018,424.25,119.5,2
Justin Maxwell,1,2012,352.0,106.0,2
Justin Morneau,4,2014,525.75,128.25,3
Justin Ruggiano,2,2013,396.0,121.0,3
Justin Smoak,9,2019,482.44444444444446,104.0,2
Justin Turner,10,2023,515.8,131.8,3
Justin Upton,10,2021,601.3,119.3,2
Ke'Bryan Hayes,3,2023,493.6666666666667,90.33333333333333,1
Kelly Johnson,6,2016,490.0,100.0,2
Kendrys Morales,7,2018,559.4285714285714,108.14285714285714,2
Keon Broxton,1,2017,463.0,85.0,1
Keston Hiura,1,2019,348.0,139.0,3
Ketel Marte,6,2023,542.6666666666666,115.16666666666667,2
Kevin Kiermaier,8,2023,422.375,99.25,1
Kevin Kouzmanoff,1,2010,586.0,83.0,1
Kevin Newman,3,2022,464.6666666666667,84.33333333333333,1
Kevin Pillar,6,2021,563.0,87.0,1
Kevin Youkilis,3,2012,487.0,129.33333333333334,3
Khris Davis,6,2019,573.0,116.33333333333333,2
Kirk Nieuwenhuis,2,2016,353.0,92.5,1
Kole Calhoun,7,2022,593.8571428571429,98.42857142857143,1
Kolten Wong,8,2022,470.375,101.625,2
Kosuke Fukudome,2,2011,516.0,108.0,2
Kris Bryant,7,2023,575.1428571428571,127.14285714285714,3
Kurt Suzuki,10,2019,417.8,89.8,1
Kyle Blanks,1,2013,308.0,94.0,1
Kyle Farmer,3,2023,493.6666666666667,94.33333333333333,1
Kyle Schwarber,6,2023,577.6666666666666,121.83333333333333,3
Kyle Seager,9,2021,639.4444444444445,110.88888888888889,2
Kyle Tucker,3,2023,616.6666666666666,138.66666666666666,3
Lance Berkman,2,2011,534.0,138.5,3
Lastings Milledge,1,2010,412.0,95.0,1
Laynce Nix,1,2011,351.0,103.0,2
Leonys Martin,5,2018,466.0,84.0,1
Leury Garcia,4,2022,433.25,78.5,1
Lewis Brinson,1,2018,406.0,56.0,1
Logan Forsythe,7,2019,441.42857142857144,94.57142857142857,1
Logan Morrison,8,2018,428.25,101.75,2
Logan Schafer,1,2013,337.0,63.0,1
Lonnie Chisenhall,4,2016,405.25,94.5,1
Lorenzo Cain,7,2019,552.8571428571429,105.57142857142857,2
Lourdes Gurriel Jr.,4,2023,492.25,113.0,2
Lucas Duda,7,2018,456.85714285714283,119.42857142857143,2
Luis Arraez,4,2023,516.25,122.75,3
Luis Gonzalez,1,2022,350.0,95.0,1
Luis Guillorme,1,2022,335.0,104.0,2
Luis Rengifo,3,2023,454.0,99.66666666666667,1
Luis Torrens,1,2021,378.0,101.0,2
Luis Urias,2,2022,521.0,111.0,2
Luis Valbuena,7,2017,398.14285714285717,95.42857142857143,1
Luke Hughes,1,2011,317.0,73.0,1
Luke Scott,2,2012,430.5,119.0,2
Luke Voit,2,2022,539.0,114.5,2
Lyle Overbay,3,2013,511.0,93.33333333333333,1
Magglio Ordonez,2,2011,361.0,102.5,2
Maicer Izturis,3,2013,404.0,83.0,1
Maikel Franco,7,2022,467.42857142857144,85.57142857142857,1
Mallex Smith,2,2019,555.0,96.0,1
Manny Machado,10,2023,641.8,121.9,3
Manny Pina,2,2018,348.0,90.5,1
Manny Ramirez,1,2010,320.0,140.0,3
Manuel Margot,6,2023,442.0,90.83333333333333,1
Marcell Ozuna,8,2023,583.625,113.375,2
Marco Scutaro,4,2013,592.5,103.75,2
Marcus Semien,8,2023,657.375,111.375,2
Mark Canha,6,2023,511.1666666666667,119.83333333333333,2
Mark Ellis,4,2013,488.75,90.5,1
Mark Kotsay,1,2010,359.0,80.0,1
Mark Reynolds,8,2017,519.625,100.75,2
Mark Teixeira,6,2016,554.6666666666666,114.83333333333333,2
Mark Trumbo,8,2018,546.5,106.0,2
Marlon Byrd,5,2015,574.4,109.8,2
Martin Maldonado,6,2023,410.1666666666667,69.83333333333333,1
Martin Prado,7,2016,625.2857142857143,106.28571428571429,2
Marwin Gonzalez,7,2021,433.57142857142856,101.28571428571429,2
Matt Adams,6,2019,374.3333333333333,110.0,2
Matt Carpenter,8,2019,598.5,127.875,3
Matt Chapman,6,2023,572.6666666666666,117.16666666666667,2
Matt Davidson,2,2018,469.5,94.5,1
Matt Dominguez,2,2014,598.0,76.0,1
Matt Duffy,4,2021,465.0,101.5,2
Matt Holliday,7,2017,571.5714285714286,132.85714285714286,3
Matt Joyce,5,2017,500.4,116.2,2
Matt Kemp,8,2018,587.25,124.5,3
Matt LaPorta,2,2011,405.0,91.0,1
Matt Olson,5,2023,659.8,136.6,3
Matt Wieters,6,2017,525.6666666666666,89.66666666666667,1
Max Kepler,7,2023,521.2857142857143,103.0,2
Max Muncy,5,2023,561.2,131.6,3
Max Stassi,2,2022,347.0,84.0,1
Melky Cabrera,9,2019,566.7777777777778,105.77777777777777,2
Melvin Mora,1,2010,354.0,99.0,1
Melvin Upton Jr.,6,2016,575.0,90.33333333333333,1
Michael A. Taylor,6,2023,450.0,83.66666666666667,1
Michael Bourn,7,2016,569.5714285714286,88.42857142857143,1
Michael Brantley,10,2021,546.4,114.5,2
Michael Chavis,2,2022,404.0,87.0,1
Michael Conforto,6,2023,503.8333333333333,115.5,2
Michael Cuddyer,5,2015,520.2,111.4,2
Michael Morse,4,2014,456.0,118.5,2
Michael Saunders,4,2016,476.5,103.75,2
Michael Young,4,2013,655.75,102.25,2
Miguel Andujar,1,2018,606.0,129.0,3
Miguel Cabrera,12,2023,580.5833333333334,135.08333333333334,3
Miguel Montero,6,2015,482.5,103.33333333333333,2
Miguel Olivo,3,2012,419.0,78.0,1
Miguel Rojas,6,2023,471.5,82.83333333333333,1
Miguel Sano,5,2021,456.8,126.2,3
Miguel Tejada,2,2011,512.0,75.5,1
Mike Aviles,6,2015,398.0,78.83333333333333,1
Mike Carp,1,2011,313.0,123.0,3
Mike Moustakas,9,2023,534.4444444444445,95.33333333333333,1
Mike Napoli,8,2017,504.5,118.5,2
Mike Trout,10,2023,599.9,170.6,3
Mike Yastrzemski,4,2023,470.5,109.0,2
Mike Zunino,5,2021,415.4,95.2,1
Mikie Mahtook,1,2017,379.0,107.0,2
Mitch Garver,3,2023,346.0,133.0,3
Mitch Haniger,3,2021,594.6666666666666,128.66666666666666,3
Mitch Maier,1,2010,421.0,93.0,1
Mitch Moreland,8,2019,471.875,100.5,2
Mookie Betts,8,2023,662.25,140.5,3
Myles Straw,3,2023,584.0,77.0,1
Nate McLouth,2,2013,457.0,96.0,1
Nate Schierholtz,3,2014,416.0,91.0,1
Nathaniel Lowe,3,2023,670.3333333333334,124.66666666666667,3
Neil Walker,10,2019,507.1,111.0,2
Nelson Cruz,12,2022,575.3333333333334,132.25,3
Nick Ahmed,5,2021,485.8,70.0,1
Nick Castellanos,9,2023,604.6666666666666,112.66666666666667,2
Nick Franklin,1,2013,412.0,93.0,1
Nick Gordon,1,2022,443.0,110.0,2
Nick Hundley,7,2018,333.85714285714283,97.14285714285714,1
Nick Markakis,10,2019,652.0,105.2,2
Nick Punto,1,2013,335.0,90.0,1
Nick Senzel,3,2023,388.0,78.66666666666667,1
Nick Solak,1,2021,511.0,88.0,1
Nick Swisher,5,2014,585.8,114.0,2
Nick Williams,2,2018,395.5,106.0,2
Nicky Delmonico,1,2018,318.0,84.0,1
Nicky Lopez,3,2022,482.3333333333333,71.66666666666667,1
Niko Goodrum,3,2021,429.6666666666667,91.66666666666667,1
Nolan Arenado,10,2023,624.2,119.7,2
Nolan Reimold,1,2011,305.0,110.0,2
Nomar Mazara,4,2019,547.25,91.75,1
Nori Aoki,6,2017,507.3333333333333,104.83333333333333,2
Nyjer Morgan,3,2012,442.6666666666667,85.0,1
Odubel Herrera,5,2021,569.0,102.0,2
Omar Infante,6,2015,540.0,88.0,1
Omar Narvaez,3,2021,416.3333333333333,114.0,2
Omar Quintanilla,1,2013,359.0,66.0,1
Omar Vizquel,1,2010,391.0,83.0,1
Oneil Cruz,1,2022,361.0,104.0,2
Orlando Arcia,4,2023,498.25,75.5,1
Orlando Cabrera,2,2011,507.0,67.0,1
Orlando Hudson,2,2011,506.5,95.5,1
Oscar Gonzalez,1,2022,382.0,123.0,3
Oscar Mercado,1,2019,482.0,98.0,1
Oswaldo Arcia,2,2014,394.0,104.5,2
Ozzie Albies,4,2023,683.0,112.25,2
Pablo Sandoval,6,2015,541.8333333333334,111.0,2
Pat Burrell,1,2010,437.0,123.0,3
Patrick Wisdom,3,2023,403.6666666666667,111.33333333333333,2
Paul DeJong,5,2023,479.8,95.2,1
Paul Goldschmidt,11,2023,657.2727272727273,142.45454545454547,3
Paul Janish,1,2011,366.0,40.0,1
Paul Konerko,4,2013,597.0,128.25,3
Paulo Orlando,1,2016,484.0,96.0,1
Pavin Smith,1,2021,545.0,98.0,1
Pedro Alvarez,6,2016,483.0,112.0,2
Pedro Feliz,1,2010,429.0,40.0,1
Pedro Florimon,1,2013,446.0,67.0,1
Pedro Severino,2,2021,380.0,90.5,1
Pete Alonso,4,2023,668.25,134.25,3
Pete Kozma,1,2013,448.0,49.0,1
Peter Bourjos,2,2016,467.5,96.0,1
Phil Gosselin,1,2021,373.0,85.0,1
Placido Polanco,4,2013,467.25,82.75,1
Preston Tucker,1,2015,323.0,104.0,2
Prince Fielder,6,2016,645.1666666666666,127.0,3
Quintin Berry,1,2012,330.0,89.0,1
Rafael Devers,5,2023,625.2,123.8,3
Rafael Furcal,3,2012,442.6666666666667,98.33333333333333,1
Rafael Ortega,2,2022,350.5,110.0,2
Raimel Tapia,3,2022,471.0,80.0,1
Rajai Davis,8,2017,433.875,86.125,1
Ramon Hernandez,2,2011,340.0,113.0,2
Ramon Laureano,4,2023,411.5,105.75,2
Ramon Santiago,1,2010,367.0,84.0,1
Randal Grichuk,8,2023,489.25,101.75,2
Randy Arozarena,3,2023,634.3333333333334,125.33333333333333,3
Raul Ibanez,4,2013,533.0,105.75,2
Reid Brignac,1,2010,326.0,90.0,1
Renato Nunez,1,2019,599.0,99.0,1
Rene Rivera,2,2015,324.0,72.5,1
Rhys Hoskins,4,2022,620.0,122.5,3
Richie Martin,1,2019,309.0,50.0,1
Rick Ankiel,1,2011,415.0,82.0,1
Rickie Weeks Jr.,4,2013,586.25,108.0,2
Rio Ruiz,1,2019,413.0,79.0,1
Robbie Grossman,8,2023,472.75,103.125,2
Robert Andino,2,2012,471.0,72.5,1
Roberto Perez,1,2019,449.0,102.0,2
Robinson Cano,10,2019,622.8,130.1,3
Robinson Chirinos,4,2019,377.5,107.25,2
Rod Barajas,3,2012,345.6666666666667,86.66666666666667,1
Roger Bernadina,2,2011,399.0,84.5,1
Ronald Acuna Jr.,5,2023,566.0,142.0,3
Ronald Guzman,1,2018,428.0,87.0,1
Ronald Torreyes,2,2021,340.0,76.0,1
Ronny Cedeno,2,2011,478.0,77.0,1
Ronny Paulino,1,2010,344.0,76.0,1
Rosell Herrera,1,2018,302.0,62.0,1
Rougned Odor,8,2022,514.875,86.875,1
Rowdy Tellez,4,2023,421.0,92.0,1
Ruben Tejada,4,2015,425.75,93.5,1
Russell Branyan,1,2010,428.0,122.0,3
Russell Martin,9,2018,452.55555555555554,103.77777777777777,2
Ryan Braun,9,2019,564.7777777777778,130.66666666666666,3
Ryan Doumit,3,2013,507.3333333333333,101.66666666666667,2
Ryan Flaherty,2,2015,306.5,75.5,1
Ryan Goins,2,2017,443.5,77.5,1
Ryan Hanigan,2,2012,337.5,94.0,1
Ryan Howard,6,2016,515.6666666666666,105.33333333333333,2
Ryan Ludwick,4,2014,495.75,105.5,2
Ryan McMahon,4,2023,589.75,92.25,1
Ryan Mountcastle,3,2023,555.0,111.0,2
Ryan Raburn,2,2011,414.0,107.0,2
Ryan Roberts,2,2012,522.0,93.5,1
Ryan Schimpf,1,2016,330.0,128.0,3
Ryan Spilborghs,1,2010,388.0,105.0,2
Ryan Sweeney,1,2010,331.0,100.0,2
Ryan Theriot,3,2012,502.3333333333333,80.33333333333333,1
Ryan Zimmerman,8,2018,509.125,116.625,2
Ryon Healy,2,2018,564.5,95.0,1
Salvador Perez,10,2023,529.7,99.5,1
Sam Fuld,3,2015,357.6666666666667,80.0,1
Sandy Leon,1,2017,301.0,66.0,1
Santiago Espinal,1,2022,491.0,100.0,2
Scooter Gennett,5,2018,508.4,104.4,2
Scott Hairston,2,2012,367.0,100.0,2
Scott Kingery,2,2019,492.0,80.5,1
Scott Podsednik,1,2010,595.0,99.0,1
Scott Rolen,2,2012,433.5,110.0,2
Scott Schebler,2,2018,480.5,103.0,2
Scott Sizemore,1,2011,429.0,109.0,2
Sean Murphy,3,2023,499.3333333333333,117.0,2
Sean Rodriguez,4,2016,374.5,97.25,1
Seth Brown,3,2023,413.3333333333333,103.33333333333333,2
Seth Smith,8,2017,445.75,109.375,2
Shane Victorino,4,2013,608.0,111.75,2
Shin-Soo Choo,9,2019,616.1111111111111,121.22222222222223,3
Shohei Ohtani,5,2023,539.2,148.0,3
Skip Schumaker,4,2013,397.25,91.0,1
Starlin Castro,11,2021,592.3636363636364,96.81818181818181,1
Starling Marte,10,2023,517.6,115.0,2
Stephen Drew,6,2015,423.8333333333333,85.66666666666667,1
Stephen Piscotty,4,2019,512.0,107.0,2
Stephen Vogt,3,2017,448.6666666666667,96.33333333333333,1
Steve Lombardozzi,2,2013,361.5,74.5,1
Steve Pearce,4,2017,339.5,122.5,3
Steven Souza Jr.,3,2017,503.6666666666667,105.66666666666667,2
Stevie Wilkerson,1,2019,361.0,73.0,1
Teoscar Hernandez,5,2023,559.0,115.4,2
Tim Anderson,7,2023,512.4285714285714,96.85714285714286,1
Tim Beckham,3,2019,435.0,96.0,1
Todd Frazier,8,2019,577.0,108.875,2
Todd Helton,3,2013,468.6666666666667,98.0,1
Tom Murphy,1,2021,325.0,87.0,1
Tomas Nido,1,2022,313.0,72.0,1
Tommy Edman,4,2023,549.5,102.75,2
Tommy Joseph,2,2017,440.0,98.0,1
Tommy La Stella,2,2019,340.5,101.5,2
Tommy Pham,6,2023,569.6666666666666,117.33333333333333,2
Tony Gwynn,2,2011,339.5,77.0,1
Tony Kemp,3,2023,458.0,98.0,1
Tony Wolters,1,2019,411.0,63.0,1
Torii Hunter,6,2015,614.0,115.5,2
Travis Hafner,2,2011,415.0,126.0,3
Travis Jankowski,2,2018,385.0,86.0,1
Travis Shaw,3,2018,574.3333333333334,109.0,2
Travis Snider,2,2014,339.0,113.0,2
Travis d'Arnaud,4,2022,403.5,103.75,2
Trea Turner,7,2023,589.2857142857143,121.71428571428571,3
Trent Grisham,3,2023,535.3333333333334,92.33333333333333,1
Trevor Crowe,1,2010,479.0,76.0,1
Trevor Larnach,1,2021,301.0,91.0,1
Trevor Plouffe,7,2017,454.0,92.57142857142857,1
Trevor Story,6,2022,545.5,108.66666666666667,2
Trey Mancini,5,2022,620.8,110.2,2
Troy Glaus,1,2010,483.0,104.0,2
Troy Tulowitzki,6,2016,516.6666666666666,131.5,3
Tucker Barnhart,6,2022,404.1666666666667,80.33333333333333,1
Ty France,3,2023,642.6666666666666,120.33333333333333,3
Ty Wigginton,3,2012,485.0,88.33333333333333,1
Tyler Colvin,2,2012,423.5,113.0,2
Tyler Flowers,5,2019,361.6,98.2,1
Tyler Greene,1,2012,330.0,80.0,1
Tyler Naquin,3,2022,384.3333333333333,111.66666666666667,2
Tyler O'Neill,2,2022,460.0,121.0,3
Tyler Saladino,1,2016,319.0,96.0,1
Tyrone Taylor,1,2022,405.0,102.0,2
Vernon Wells,3,2013,544.3333333333334,92.33333333333333,1
Victor Caratini,2,2022,335.0,79.0,1
Victor Martinez,8,2018,560.0,111.0,2
Victor Reyes,1,2022,336.0,84.0,1
Victor Robles,3,2022,464.3333333333333,75.33333333333333,1
Vladimir Guerrero,2,2011,616.5,107.5,2
Vladimir Guerrero Jr.,4,2023,650.0,130.5,3
Wander Franco,3,2023,381.0,122.66666666666667,3
Welington Castillo,5,2017,409.0,100.6,2
Whit Merrifield,7,2023,609.4285714285714,99.14285714285714,1
Wil Myers,7,2021,484.57142857142856,105.85714285714286,2
Wilin Rosario,3,2014,434.0,98.66666666666667,1
Will Middlebrooks,1,2013,374.0,82.0,1
Will Smith,3,2023,544.3333333333334,125.0,3
Will Venable,6,2015,446.5,100.16666666666667,2
Willi Castro,3,2023,417.0,87.33333333333333,1
Willie Bloomquist,2,2012,359.5,84.0,1
Willie Calhoun,1,2019,337.0,110.0,2
Willson Contreras,6,2023,474.3333333333333,120.16666666666667,3
Willy Adames,5,2023,543.4,106.4,2
Willy Aybar,1,2010,309.0,84.0,1
Wilmer Difo,2,2018,410.5,73.0,1
Wilmer Flores,7,2023,446.85714285714283,109.85714285714286,2
Wilson Betemit,3,2012,350.0,118.0,2
Wilson Ramos,7,2019,438.0,105.71428571428571,2
Wilson Valdez,2,2011,331.5,72.5,1
Xander Bogaerts,9,2023,642.1111111111111,117.33333333333333,2
Xavier Nady,1,2010,347.0,76.0,1
Yadiel Hernandez,1,2022,327.0,103.0,2
Yadier Molina,11,2021,515.4545454545455,104.27272727272727,2
Yairo Munoz,1,2018,329.0,107.0,2
Yan Gomes,8,2023,399.875,97.125,1
Yandy Diaz,4,2023,511.5,134.0,3
Yangervis Solarte,5,2018,513.4,99.2,1
Yasiel Puig,7,2019,482.2857142857143,122.85714285714286,3
Yasmani Grandal,9,2023,457.1111111111111,111.11111111111111,2
Yasmany Tomas,2,2016,494.5,98.0,1
Yoan Moncada,5,2023,523.0,106.0,2
Yoenis Cespedes,6,2017,549.8333333333334,125.16666666666667,3
Yolmer Sanchez,4,2019,542.75,79.5,1
Yonathan Daza,2,2022,369.5,84.5,1
Yonder Alonso,7,2019,479.7142857142857,100.28571428571429,2
Yordan Alvarez,4,2023,506.0,167.25,3
Yorvit Torrealba,2,2011,391.0,95.5,1
Yuli Gurriel,6,2023,544.5,108.16666666666667,2
Yunel Escobar,8,2017,551.375,98.625,1
Yuniesky Betancourt,3,2013,527.0,70.0,1
Zack Cozart,5,2017,555.2,89.2,1
