Season,Season,Name,Level,Age,PA,BB%,K%,ISO,GB%,wRC+
1,2025,Cristian Arguelles,DSL,18,236,14.40%,10.60%,0.23,36.40%,201
2,2025,Josue Brito,DSL,18,157,26.10%,20.40%,0.321,31.90%,182
3,2025,Marco Argudin,DSL,19,149,14.10%,8.10%,0.19,40.80%,178
4,2025,Ching-Hsien Ko,CPX,18,226,17.30%,17.70%,0.172,49.60%,175
5,2025,Edgar Montero,DSL,18,244,24.60%,22.10%,0.267,36.80%,174
6,2025,Pablo Nunez,DSL,18,157,26.10%,3.80%,0.087,44.10%,169
7,2025,Richard Matic,DSL,17,191,20.90%,22.50%,0.231,41.50%,167
8,2025,Alfredo Duno,A,19,495,19.20%,18.40%,0.231,37.60%,163
9,2025,Roldy Brito,CPX,18,209,10.50%,20.10%,0.187,55.60%,161
10,2025,Reyli Mariano,DSL,18,165,19.40%,15.80%,0.244,47.90%,160
11,2025,Felix Reyes,AA,24,395,4.60%,15.40%,0.237,33.90%,160
12,2025,Marconi German,DSL,17,213,20.20%,19.70%,0.23,43.30%,159
13,2025,Eduardo Quintero,A,19,395,16.50%,22.30%,0.227,36.00%,158
14,2025,Sebastian Dos Santos,DSL,17,166,18.10%,17.50%,0.258,36.20%,158
15,2025,Dario Reynoso,CPX,20,227,17.60%,31.70%,0.258,48.00%,158
16,2025,Elorky Rodriguez,DSL,17,226,17.30%,16.80%,0.169,42.00%,158
17,2025,Juan Sanchez,DSL,17,253,10.30%,17.40%,0.224,36.80%,156
18,2025,Adolfo Sanchez,DSL,18,154,15.60%,13.60%,0.165,38.70%,156
19,2025,Jett Williams,AA,21,421,14.70%,22.80%,0.196,29.30%,156
20,2025,Andreimi Antunez,DSL,18,209,7.70%,13.90%,0.148,44.00%,155
21,2025,Izaac Pacheco,A+,22,425,17.40%,28.90%,0.24,33.60%,155
22,2025,Edwin Sanchez,DSL,20,210,29.00%,17.60%,0.204,34.30%,153
23,2025,Jordan Sanchez,CPX,19,195,15.90%,29.20%,0.236,34.00%,153
24,2025,Jose Rojas,AAA,32,517,12.60%,20.90%,0.312,32.40%,152
25,2025,Dylan Beavers,AAA,23,418,16.30%,18.20%,0.211,32.00%,152
26,2025,Brendan Tunink,CPX,19,168,16.10%,30.40%,0.25,40.40%,152
27,2025,Elaineiker Coronado,DSL,17,248,23.00%,10.90%,0.037,56.10%,151
28,2025,Almen Tolentino,DSL,18,204,16.70%,16.70%,0.231,33.30%,151
29,2025,Wilder Dalis,CPX,18,219,13.20%,20.10%,0.173,39.30%,150
30,2025,Kleiver Chauran,DSL,19,215,24.20%,15.30%,0.099,43.50%,150
31,2025,Juan Martinez,DSL,18,191,15.70%,11.50%,0.212,30.20%,150
32,2025,Luis Campusano,AAA,26,475,15.20%,17.30%,0.26,43.80%,149
33,2025,Alberth Palma,CPX,19,171,19.30%,9.90%,0.07,55.80%,148
34,2025,Cooper Ingle,AA,23,403,16.10%,17.40%,0.168,36.00%,148
35,2025,Marshall Toole,A,22,372,14.00%,19.60%,0.175,47.20%,148
36,2025,Ryan Clifford,AA,21,437,14.40%,25.90%,0.251,39.50%,148
37,2025,Samuell Sanchez,DSL,19,162,20.40%,27.80%,0.145,47.10%,148
38,2025,Caleb Bonemer,A,19,432,15.70%,21.10%,0.178,34.20%,147
39,2025,Dauri Fernandez,CPX,18,176,9.10%,12.50%,0.224,38.80%,147
40,2025,Bryan Torres,AAA,27,414,16.90%,13.80%,0.136,47.50%,147
41,2025,Elian Peña,DSL,17,223,16.10%,16.10%,0.236,33.10%,146
42,2025,Max Anderson,AA,23,405,6.90%,14.60%,0.192,44.80%,146
43,2025,Franklin Primera,DSL,18,172,14.50%,8.70%,0.096,44.60%,146
44,2025,Starlin Mieses,DSL,17,171,22.20%,22.80%,0.144,34.60%,145
45,2025,David Beckles,CPX,21,237,10.10%,26.60%,0.179,48.90%,145
46,2025,Yeferson Portolatin,DSL,17,174,29.30%,17.80%,0.148,34.20%,145
47,2025,Edward Lantigua,CPX,18,194,17.00%,14.90%,0.111,55.50%,144
48,2025,Luis Cova,DSL,18,218,15.60%,18.30%,0.237,29.20%,144
49,2025,Rodny Rosario,DSL,17,177,19.20%,19.20%,0.157,36.00%,144
50,2025,Yojancel Cabrera,DSL,17,219,13.70%,16.90%,0.133,45.40%,144
51,2025,Anthony Huezo,CPX,19,160,11.90%,31.90%,0.254,36.10%,144
52,2025,Johan De Los Santos,DSL,16,174,15.50%,7.50%,0.108,42.10%,143
53,2025,Hector Campusano,DSL,18,187,26.20%,14.40%,0.038,56.30%,143
54,2025,Rio Foster,A+,22,378,15.90%,25.40%,0.172,34.50%,143
55,2025,Sebastian Blanco,DSL,17,248,13.30%,13.70%,0.108,36.80%,143
56,2025,Nick Solak,AAA,30,482,10.00%,13.70%,0.16,53.90%,143
57,2025,JD Dix,CPX,19,178,11.20%,19.10%,0.151,40.00%,142
58,2025,Tatem Levins,AA,26,396,19.40%,25.30%,0.14,50.70%,142
59,2025,Josue De Paula,A+,20,426,19.00%,20.20%,0.158,40.00%,142
60,2025,Gustavo Baptista,DSL,17,206,22.30%,22.80%,0.152,38.70%,142
61,2025,David McCabe,AA,25,435,13.30%,20.50%,0.148,38.00%,142
62,2025,Angel Brachi,DSL,18,228,11.40%,7.90%,0.071,58.30%,142
63,2025,Jake Holton,AA,27,464,11.60%,25.40%,0.222,35.80%,141
64,2025,Luis Morejon,DSL,17,157,14.60%,12.10%,0.156,41.00%,141
65,2025,Andrew Tess,CPX,18,188,18.10%,20.70%,0.113,47.80%,141
66,2025,Yaxson Lucena,DSL,17,190,15.80%,10.50%,0.17,34.50%,141
67,2025,Emmanuel Cedeno,DSL,17,212,22.60%,5.70%,0.057,50.70%,141
68,2025,José Castro,DSL,18,238,14.30%,26.10%,0.321,26.70%,140
69,2025,Anderson Fermin,CPX,18,185,22.70%,18.90%,0.094,49.50%,140
70,2025,Owen Caissie,AAA,22,433,13.20%,27.90%,0.265,39.00%,139
71,2025,Omar Reyes,DSL,20,182,20.90%,13.70%,0.071,61.30%,139
72,2025,Dustin Crenshaw,CPX,23,228,12.70%,14.50%,0.153,48.80%,139
73,2025,Rece Hinds,AAA,24,436,7.60%,25.90%,0.261,37.70%,139
74,2025,Josmir Reyes,DSL,18,190,17.90%,7.90%,0.18,40.00%,139
75,2025,Carlos Pérez,AAA,34,465,11.00%,16.60%,0.286,31.60%,138
76,2025,BJ Murray,AA,25,537,15.50%,19.20%,0.176,37.20%,138
77,2025,Kyler Fedko,AA,25,379,15.30%,20.80%,0.24,31.60%,138
78,2025,Fredderick Ovalle,DSL,18,182,18.10%,13.20%,0.129,47.00%,137
79,2025,John Peck,A+,22,412,7.80%,25.20%,0.144,44.50%,137
80,2025,Esteury Ruiz,AAA,26,485,13.00%,17.90%,0.211,45.20%,137
81,2025,Jonathan Rangel,DSL,18,159,19.50%,17.60%,0.212,33.00%,137
82,2025,Randy Guzman,CPX,20,178,8.40%,18.50%,0.192,42.10%,137
83,2025,Gabriel Davalillo,DSL,17,169,13.60%,12.40%,0.216,44.70%,136
84,2025,Anderson Araujo,DSL,17,183,10.40%,20.20%,0.239,39.80%,136
85,2025,Scott Bandura,A+,23,373,11.80%,24.10%,0.132,44.50%,136
86,2025,Akil Baddoo,AAA,26,457,14.90%,24.50%,0.203,38.50%,136
87,2025,Ruben Ibarra,AA,26,400,11.80%,25.80%,0.238,37.50%,136
88,2025,Ramon Mendoza,AA,24,404,14.90%,19.80%,0.177,37.50%,136
89,2025,Tyler Locklear,AAA,24,434,10.80%,21.90%,0.225,49.30%,136
90,2025,Jose Gonzalez,DSL,20,177,24.30%,23.20%,0.232,23.50%,136
91,2025,Jhoan De La Cruz,DSL,17,198,23.20%,22.70%,0.101,41.40%,135
92,2025,Dakota Jordan,A,22,416,8.90%,22.80%,0.186,48.10%,135
93,2025,Luis Steven King,DSL,17,154,15.60%,14.90%,0.127,33.00%,135
94,2025,Jude Warwick,CPX,19,192,13.50%,15.60%,0.117,35.60%,135
95,2025,Ronny Ugarte,DSL,20,238,11.80%,16.40%,0.15,47.20%,135
96,2025,Feliz Genao,DSL,17,172,18.60%,22.10%,0.11,41.60%,135
97,2025,Justin Crawford,AAA,21,506,11.50%,18.00%,0.118,59.40%,135
98,2025,Darell Morel,DSL,17,202,18.30%,22.30%,0.127,60.80%,135
99,2025,Miguel Caraballo,DSL,16,169,16.60%,22.50%,0.178,39.10%,135
100,2025,Ryan Nicholson,A+,24,400,14.50%,23.50%,0.185,43.90%,134
101,2025,Juan Cabada,DSL,17,170,11.80%,18.20%,0.14,49.00%,134
102,2025,Jadyn Fielder,CPX,20,183,16.40%,22.40%,0.176,42.30%,134
103,2025,Seth Stephenson,A+,24,427,7.00%,14.50%,0.135,43.80%,134
104,2025,Yulian Barreto,DSL,17,227,15.90%,14.50%,0.072,49.30%,134
105,2025,Randy Martinez,DSL,18,177,26.00%,23.20%,0.094,40.70%,134
106,2025,Aidan Miller,AA,21,489,14.90%,23.70%,0.168,38.50%,134
107,2025,Moises Polanco,DSL,18,199,20.60%,15.60%,0.13,39.60%,133
108,2025,Iverson Allen,DSL,17,154,18.80%,23.40%,0.118,39.40%,133
109,2025,Santiago Almao,DSL,17,189,17.50%,14.30%,0.132,37.00%,133
110,2025,Dayber Cruceta,DSL,17,169,17.80%,18.90%,0.082,57.90%,133
111,2025,Greylin De La Paz,DSL,18,215,18.10%,16.70%,0.118,44.40%,133
112,2025,Angel Salio,DSL,17,169,11.20%,10.10%,0.176,55.00%,132
113,2025,Manolfi Jimenez,CPX,20,171,3.50%,15.20%,0.223,39.80%,132
114,2025,Corey Joyce,AA,26,389,14.40%,20.80%,0.074,44.50%,132
115,2025,Yovanny Duran,DSL,17,197,19.80%,15.20%,0.086,39.10%,132
116,2025,Yosneiker Rivas,DSL,19,172,11.00%,16.90%,0.147,48.20%,132
117,2025,Peyton Graham,A+,24,409,9.80%,20.80%,0.14,40.00%,132
118,2025,Alfredo Alcantara,CPX,19,189,17.50%,23.30%,0.128,46.60%,132
119,2025,Ryan Ward,AAA,27,652,12.70%,18.70%,0.267,38.20%,132
120,2025,Juan Espinal,DSL,18,190,20.50%,33.20%,0.204,45.90%,132
121,2025,Phillip Glasser,AA,25,490,10.60%,11.20%,0.098,46.60%,132
122,2025,Breyson Guedez,DSL,17,210,6.70%,9.50%,0.13,47.20%,132
123,2025,Zyhir Hope,A+,20,524,14.90%,26.50%,0.164,34.80%,132
124,2025,Kenly Hunter,DSL,17,173,13.90%,11.60%,0.086,49.50%,131
125,2025,Jonathon Long,AAA,23,607,13.00%,19.10%,0.173,45.90%,131
126,2025,Juan Rojas,DSL,17,199,22.10%,18.60%,0.088,42.70%,131
127,2025,Ricardo Romero,DSL,17,205,13.70%,10.20%,0.165,42.30%,131
128,2025,Noah Myers,A+,25,363,18.70%,26.70%,0.115,46.80%,131
129,2025,Justin Gonzales,A,18,357,9.80%,14.60%,0.125,55.80%,131
130,2025,Eriel Dihigo,DSL,18,226,19.00%,13.70%,0.14,33.10%,131
131,2025,Kevin Alvarez,DSL,17,192,12.00%,9.90%,0.154,38.50%,131
132,2025,Kala'i Rosario,AA,22,579,12.60%,27.50%,0.231,37.20%,131
133,2025,Braylen Wimmer,A+,24,386,8.00%,22.00%,0.201,43.90%,131
134,2025,Hayden Alvarez,CPX,18,221,14.00%,18.60%,0.093,52.50%,131
135,2025,Kendall George,A+,20,514,16.30%,15.20%,0.075,60.30%,131
136,2025,Juan Torres,DSL,17,170,3.50%,11.80%,0.157,46.50%,131
137,2025,Jose Ramos,DSL,18,176,13.60%,18.80%,0.138,48.60%,131
138,2025,Cody Freeman,AAA,24,426,7.50%,8.70%,0.214,46.30%,131
139,2025,Emil Morales,CPX,18,269,11.50%,28.30%,0.197,39.50%,130
140,2025,Luis Arana,DSL,17,227,13.20%,7.90%,0.178,46.70%,130
141,2025,Tyson Lewis,CPX,19,207,7.20%,24.60%,0.191,50.00%,130
142,2025,Steven Herrera,DSL,17,180,17.80%,30.00%,0.204,32.90%,130
143,2025,Raudi Rodriguez,A,21,560,11.30%,23.20%,0.189,40.90%,130
144,2025,Adrian Bello,DSL,19,178,20.20%,19.10%,0.167,43.40%,130
145,2025,Kemp Alderman,AA,22,454,7.50%,22.50%,0.165,54.20%,130
146,2025,Deinys Gonzalez,DSL,18,183,13.10%,15.80%,0.181,36.40%,130
147,2025,Miguel Welch,DSL,17,168,15.50%,11.90%,0.144,50.50%,130
148,2025,Victor Bericoto,AA,23,393,10.90%,23.40%,0.166,39.30%,130
149,2025,Christopher Alvarado,DSL,18,149,18.10%,16.80%,0.149,47.60%,130
150,2025,Jhon Gil,DSL,17,150,16.00%,13.30%,0.098,41.20%,129
151,2025,Anderson Areinamo,DSL,18,208,13.50%,16.30%,0.165,37.30%,129
152,2025,Jemone Nuel,DSL,18,235,21.70%,20.40%,0.136,33.60%,129
153,2025,Harold Castro,AAA,31,403,6.50%,19.40%,0.231,40.70%,129
154,2025,Leandro Romero,DSL,18,180,8.90%,19.40%,0.253,35.70%,129
155,2025,Jean Carlos Sió,A,21,385,11.90%,11.90%,0.111,46.30%,129
156,2025,Sammy Stafura,A,20,403,15.60%,24.10%,0.149,36.10%,129
157,2025,Josuar Gonzalez,DSL,17,228,16.20%,15.80%,0.168,50.30%,129
158,2025,Byron Castillo,DSL,19,161,8.10%,26.10%,0.184,32.00%,128
159,2025,Ramiro Dominguez,CPX,18,172,11.60%,10.50%,0.166,28.60%,128
160,2025,Tim Elko,AAA,26,414,8.20%,29.70%,0.26,49.00%,128
161,2025,Rafael Flores,DSL,18,175,14.30%,16.00%,0.101,39.10%,128
162,2025,Diwarys Encarnacion,DSL,19,216,12.50%,13.90%,0.192,46.60%,128
163,2025,Maxton Martin,A,20,458,9.80%,22.10%,0.182,42.00%,128
164,2025,Juan Alva,DSL,19,201,13.40%,14.90%,0.106,49.20%,128
165,2025,Justice Bigbie,AA,26,452,10.40%,15.30%,0.13,46.50%,127
166,2025,Anthony Millan,DSL,17,162,16.00%,18.50%,0.145,45.90%,127
167,2025,Colby Halter,AA,23,380,13.20%,26.80%,0.143,43.60%,127
168,2025,Julio Zayas,CPX,19,173,12.70%,13.90%,0.085,43.60%,127
169,2025,Jadher Areinamo,A+,21,415,8.20%,11.60%,0.166,39.30%,126
170,2025,Denzer Guzman,AA,21,386,10.60%,23.80%,0.173,33.10%,126
171,2025,Braedon Karpathios,A+,22,433,15.00%,27.30%,0.156,48.40%,126
172,2025,Jakob Marsee,AAA,24,429,15.90%,18.90%,0.191,38.90%,126
173,2025,Callan Moss,A+,21,393,13.50%,22.10%,0.148,41.10%,126
174,2025,Nathan Flewelling,A,18,439,20.30%,27.60%,0.107,41.60%,126
175,2025,Robert Hipwell,A,22,429,15.60%,31.20%,0.209,34.00%,126
176,2025,Eduarlin Tejeda,DSL,20,190,19.50%,15.80%,0.091,57.10%,126
177,2025,Harry Ford,AAA,22,458,16.20%,19.20%,0.176,46.30%,125
178,2025,Lisandro Sanchez,DSL,17,191,11.50%,28.30%,0.15,50.50%,125
179,2025,Francisco Urbaez,AAA,27,411,9.20%,9.70%,0.15,43.90%,125
180,2025,Hector Osorio,A,20,358,15.40%,12.00%,0.088,31.90%,125
181,2025,Nick Cimillo,AA,25,455,9.70%,21.30%,0.234,35.30%,125
182,2025,Leni Done,DSL,18,175,11.40%,18.30%,0.177,46.20%,125
183,2025,Cameron Leary,A,23,422,15.60%,23.20%,0.166,41.40%,125
184,2025,Colt Emerson,A+,19,412,13.10%,16.50%,0.173,49.80%,125
185,2025,Rosnel Alarcon,DSL,17,195,11.30%,13.30%,0.09,61.20%,125
186,2025,Estivenzon Montero,DSL,18,185,13.50%,28.10%,0.223,36.00%,124
187,2025,Eddie Micheletti Jr.,A+,23,464,16.80%,15.10%,0.19,37.00%,124
188,2025,Jace Jung,AAA,24,495,15.80%,25.30%,0.194,33.80%,124
189,2025,Miguel Hernández,DSL,17,169,14.80%,20.70%,0.163,43.50%,124
190,2025,Rikuu Nishida,AA,24,502,14.90%,13.70%,0.035,64.50%,124
191,2025,Enyervert Perez,CPX,19,215,10.20%,25.60%,0.178,46.80%,124
192,2025,Blake Burke,A+,22,408,12.00%,23.00%,0.114,52.40%,124
193,2025,Dariel Ramon,CPX,19,200,17.50%,14.50%,0.071,50.90%,124
194,2025,Keiner Delgado,A+,21,514,14.20%,21.80%,0.146,43.00%,124
195,2025,Jeral Perez,A+,20,537,8.20%,20.90%,0.204,37.60%,124
196,2025,Antonis Macias,A,20,401,17.70%,16.70%,0.067,48.00%,124
197,2025,Yoffry Solano,CPX,20,159,11.30%,16.40%,0.096,50.00%,124
198,2025,Yorman Licourt,CPX,21,225,15.60%,29.80%,0.198,40.00%,123
199,2025,Manni Ramirez,DSL,18,167,12.00%,25.10%,0.232,46.70%,123
200,2025,Cris Rodriguez,DSL,17,188,5.90%,22.30%,0.256,39.50%,123
201,2025,Diego Munoz,DSL,17,150,24.70%,15.30%,0.079,36.40%,123
202,2025,Jancel Villarroel,A,20,372,11.30%,17.20%,0.127,42.40%,123
203,2025,Nelson Rada,AA,19,388,11.60%,21.10%,0.055,54.50%,123
204,2025,Andrew Jenkins,A+,24,398,8.30%,23.40%,0.151,43.90%,123
205,2025,Michael Stefanic,AAA,29,442,13.30%,10.00%,0.096,49.80%,122
206,2025,Homer Bush Jr.,AA,23,546,8.80%,17.90%,0.059,53.80%,122
207,2025,Pascual Archila,DSL,18,232,21.60%,22.40%,0.105,34.50%,122
208,2025,Shay Whitcomb,AAA,26,469,11.10%,25.60%,0.242,37.30%,122
209,2025,Derek Datil,CPX,19,203,16.30%,16.30%,0.075,55.10%,122
210,2025,Samuel Zavala,A+,20,486,13.40%,21.40%,0.117,42.40%,122
211,2025,Sam Kulasingam,A+,23,547,11.50%,15.70%,0.103,52.30%,122
212,2025,Ichiro Cano,CPX,20,167,20.40%,25.10%,0.115,42.50%,122
213,2025,Jesús Made,A,18,378,14.00%,20.60%,0.121,46.60%,122
214,2025,Charlie Szykowny,A+,25,549,5.30%,18.60%,0.202,37.80%,122
215,2025,Bob Seymour,AAA,26,443,8.60%,25.70%,0.29,41.20%,122
216,2025,Émilien Pitre,A+,22,524,11.60%,20.40%,0.125,45.30%,122
217,2025,Pedro Ramírez,AA,21,563,8.20%,15.10%,0.106,49.00%,122
218,2025,Jhonny Level,CPX,18,261,12.60%,15.30%,0.205,45.80%,121
219,2025,Javier Rivas,A+,22,389,4.90%,23.70%,0.195,49.20%,121
220,2025,Santiago Martinez,DSL,17,168,23.20%,16.10%,0.033,51.20%,121
221,2025,Cristian Santana,A,21,394,19.30%,24.90%,0.192,20.60%,121
222,2025,TJ Rumfield,AAA,25,587,11.90%,18.40%,0.162,35.70%,121
223,2025,Moisés Ballesteros,AAA,21,509,9.60%,13.20%,0.157,49.60%,121
224,2025,Blake Dunn,AAA,26,422,12.80%,24.20%,0.11,49.60%,121
225,2025,Tommy Troy,AA,23,399,12.30%,17.50%,0.175,41.60%,121
226,2025,Eduardo Rojas,DSL,18,151,20.50%,9.90%,0.07,49.50%,121
227,2025,Angel Garcia,DSL,18,154,7.80%,18.20%,0.125,42.40%,121
228,2025,Sir Jamison Jones,CPX,19,153,17.00%,24.80%,0.15,48.10%,121
229,2025,Chase Harlan,CPX,18,177,10.20%,19.80%,0.212,40.70%,121
230,2025,Cristofer Lebrón,DSL,18,194,14.90%,20.10%,0.151,24.10%,121
231,2025,Anderson De Los Santos,A+,21,381,14.40%,21.80%,0.131,42.70%,121
232,2025,Warel Solano,DSL,17,207,9.20%,16.40%,0.099,45.20%,121
233,2025,LuJames Groover,AA,23,547,11.50%,14.40%,0.126,42.30%,120
234,2025,Hyun Seung Lee,DSL,17,176,21.60%,18.20%,0.113,42.50%,120
235,2025,Giomar Ubiera,DSL,17,159,23.90%,23.90%,0.115,34.70%,120
236,2025,Anthony Marquez,DSL,18,221,18.60%,14.00%,0.086,41.40%,120
237,2025,Harold Coll,A,23,493,12.60%,24.30%,0.146,39.90%,120
238,2025,Marcos Castañon,AA,26,431,7.70%,21.80%,0.156,41.00%,120
239,2025,Yeremy Cabrera,A,19,451,11.50%,19.10%,0.11,39.30%,120
240,2025,Jhomnardo Reyes,DSL,17,207,11.60%,28.50%,0.177,38.00%,120
241,2025,Leo De Vries,A+,18,368,14.10%,19.60%,0.165,32.90%,120
242,2025,Carlos Concepcion,DSL,19,196,10.70%,27.00%,0.215,33.30%,120
243,2025,Ralphy Velazquez,A+,20,418,9.60%,20.30%,0.224,35.20%,120
244,2025,Nick Morabito,AA,22,492,9.60%,23.40%,0.112,53.90%,120
245,2025,Matt Halbach,A,22,436,10.80%,20.60%,0.136,42.30%,120
246,2025,Enrique Jimenez,CPX,19,192,12.00%,21.90%,0.19,39.20%,120
247,2025,Andres Torres,DSL,18,192,17.70%,12.50%,0.056,45.60%,119
248,2025,Cutter Coffey,A+,21,440,10.70%,22.70%,0.154,39.60%,119
249,2025,Allan Castro,AA,22,388,11.30%,20.40%,0.132,36.90%,119
250,2025,Abimelec Ortiz,AA,23,391,11.30%,22.30%,0.197,35.80%,119
251,2025,Luis De Leon,CPX,19,243,15.60%,23.00%,0.066,53.00%,119
252,2025,Heriberto Rincon,DSL,19,206,9.20%,14.60%,0.124,47.80%,119
253,2025,Brandon Butterworth,A+,22,377,6.90%,20.70%,0.188,40.20%,119
254,2025,Tyler Hardman,AA,26,453,8.40%,31.60%,0.23,29.90%,119
255,2025,Aaron Pinero,DSL,18,179,13.40%,16.80%,0.121,42.30%,119
256,2025,Angel Abreu,DSL,16,209,15.80%,9.60%,0.064,59.30%,119
257,2025,Sean Keys,A+,22,529,16.30%,22.10%,0.191,38.80%,119
258,2025,Carlos Jimenez,A,22,489,12.30%,23.70%,0.16,39.40%,118
259,2025,Diego Tornes,DSL,16,147,15.60%,21.80%,0.123,40.50%,118
260,2025,Aaron Zavala,AA,25,471,14.00%,29.50%,0.175,36.70%,118
261,2025,Chris Newell,AA,24,549,13.70%,30.60%,0.187,37.80%,118
262,2025,Robert Perez,DSL,21,153,11.80%,31.40%,0.258,33.80%,118
263,2025,Lamar King Jr.,A,21,359,10.60%,18.90%,0.122,39.50%,118
264,2025,Eduardo Garcia,A+,22,411,10.00%,26.00%,0.183,34.00%,118
265,2025,Creed Willems,AA,22,434,8.80%,19.10%,0.187,34.00%,118
266,2025,Hector Ramos,DSL,17,151,15.20%,21.20%,0.189,30.90%,118
267,2025,Termarr Johnson,AA,21,503,11.70%,18.50%,0.111,46.70%,118
268,2025,Nick Goodwin,A+,23,385,13.50%,17.90%,0.159,37.30%,118
269,2025,Sterlin Thompson,AAA,24,513,10.30%,20.90%,0.223,46.70%,118
270,2025,Frank Mieses,DSL,17,161,13.70%,24.20%,0.131,45.30%,118
271,2025,Vimael Machín,AAA,31,505,8.70%,17.80%,0.189,41.50%,118
272,2025,Yojanser Calzado,DSL,18,171,18.10%,19.90%,0.066,49.40%,118
273,2025,Brice Matthews,AAA,23,498,14.10%,27.90%,0.198,43.00%,118
274,2025,Corey Julks,AAA,29,487,9.90%,20.30%,0.177,39.20%,118
275,2025,Christian Olivo,A,21,348,13.50%,18.40%,0.097,32.70%,118
276,2025,John Gil,A,19,462,12.30%,13.90%,0.12,47.40%,118
277,2025,Moises Valdez,DSL,19,243,11.50%,15.20%,0.113,57.40%,118
278,2025,Dervy Ventura,A,21,440,14.80%,21.80%,0.087,44.60%,117
279,2025,Haritzon Castillo,DSL,17,167,14.40%,13.20%,0.145,42.50%,117
280,2025,Handelfry Encarnacion,CPX,18,214,8.90%,15.40%,0.174,43.00%,117
281,2025,Eric Bitonti,A,19,505,13.10%,33.50%,0.182,32.60%,117
282,2025,Kehden Hettiger,A+,21,355,12.40%,29.30%,0.157,29.90%,117
283,2025,Jayden Felicia,DSL,19,164,23.80%,22.60%,0.089,48.20%,117
284,2025,Anthony Santa Cruz de Oviedo,DSL,18,210,13.80%,16.20%,0.131,44.30%,117
285,2025,Robert Arias,CPX,18,198,14.60%,11.10%,0.116,52.50%,116
286,2025,Jake Gelof,A+,23,362,12.20%,26.50%,0.23,35.90%,116
287,2025,German Ramirez,CPX,18,191,10.50%,21.50%,0.172,44.10%,116
288,2025,Yonathan Perlaza,AAA,26,624,11.90%,20.00%,0.203,50.80%,116
289,2025,César Prieto,AAA,26,515,7.60%,13.60%,0.152,43.60%,116
290,2025,Anibal Salas,CPX,19,182,12.60%,26.90%,0.166,47.50%,116
291,2025,Angel Cepeda,A,19,433,9.20%,31.40%,0.126,46.30%,116
292,2025,Hunter Fitz-Gerald,AA,24,399,9.30%,28.30%,0.14,50.20%,116
293,2025,Luis Lara,AA,20,612,14.10%,16.20%,0.086,50.90%,116
294,2025,Jordan Nwogu,AA,26,368,7.10%,25.00%,0.068,42.60%,116
295,2025,Yordani Soto,DSL,16,156,17.90%,19.90%,0.089,51.90%,116
296,2025,Brett Bateman,AA,23,396,15.40%,20.70%,0.046,51.00%,116
297,2025,Manuel Campos,DSL,17,218,9.20%,14.20%,0.089,43.20%,116
298,2025,Angel Mateo,A,20,388,7.20%,18.30%,0.101,44.40%,116
299,2025,Stiven Marinez,DSL,17,205,20.00%,22.40%,0.1,46.10%,116
300,2025,Trevor Hauver,AAA,26,440,15.20%,24.10%,0.171,41.90%,116
301,2025,Mac Horvath,A+,23,453,13.20%,21.00%,0.162,35.00%,116
302,2025,Esteban González,A+,22,447,7.40%,21.70%,0.158,42.40%,116
303,2025,Coby Morales,A+,23,382,9.70%,24.10%,0.133,39.40%,115
304,2025,Yensi De La Cruz,DSL,18,217,12.90%,18.00%,0.177,35.60%,115
305,2025,Lucas Ramirez,CPX,19,191,12.00%,20.40%,0.172,50.00%,115
306,2025,Cristofer Torin,A+,20,544,12.10%,14.30%,0.099,45.80%,115
307,2025,Steven Cruz,DSL,18,154,23.40%,14.90%,0.08,32.60%,115
308,2025,Nick Sogard,AAA,27,409,15.60%,17.80%,0.109,38.30%,115
309,2025,Dylan Jasso,AA,22,537,7.80%,24.20%,0.142,35.80%,115
310,2025,Maykel Coret,DSL,17,188,12.80%,22.30%,0.097,43.00%,115
311,2025,Ivan Luciano,CPX,18,166,16.90%,18.70%,0.107,43.40%,115
312,2025,Alex Freeland,AAA,23,508,16.30%,21.90%,0.188,41.60%,115
313,2025,Gabriel Rincones Jr.,AAA,24,506,15.80%,22.50%,0.189,45.30%,115
314,2025,Yordani Martinez,DSL,18,196,18.40%,18.90%,0.145,40.00%,115
315,2025,Yeiferth Castillo,CPX,18,187,9.10%,12.80%,0.133,41.70%,115
316,2025,Sam Hilliard,AAA,31,414,11.40%,26.10%,0.277,36.60%,114
317,2025,Sami Manzueta,DSL,16,195,21.50%,18.50%,0.168,49.00%,114
318,2025,Teilon Serrano,DSL,17,189,14.80%,25.40%,0.168,40.90%,114
319,2025,Evan Estevez,DSL,17,215,14.40%,27.90%,0.173,41.10%,114
320,2025,Adolfo Miranda,DSL,18,187,5.30%,17.10%,0.183,45.50%,114
321,2025,Aidan Smith,A+,20,459,11.50%,31.20%,0.151,40.50%,114
322,2025,Caden Connor,AA,24,390,11.00%,15.10%,0.096,49.50%,114
323,2025,Cristhian Vaquero,A,20,445,10.30%,24.70%,0.14,36.10%,114
324,2025,Ricardo Olivar,AA,23,407,12.00%,18.20%,0.148,41.20%,114
325,2025,Ty Southisene,A,19,389,15.90%,14.90%,0.032,59.30%,114
326,2025,Samad Taylor,AAA,26,657,11.10%,18.70%,0.165,45.80%,114
327,2025,Freiker Betencourt,DSL,16,165,17.60%,14.50%,0.136,31.70%,113
328,2025,Romeli Espinosa,DSL,17,168,6.00%,20.20%,0.148,38.20%,113
329,2025,Brennan Milone,AA,24,395,12.90%,22.50%,0.16,33.60%,113
330,2025,Joe Lampe,AA,24,450,10.00%,23.80%,0.163,44.00%,113
331,2025,Eli Serrano III,A+,22,383,13.10%,20.10%,0.136,40.60%,113
332,2025,Eric Hartman,A,19,370,10.00%,23.00%,0.126,46.50%,113
333,2025,Israfell Bautista,DSL,18,218,17.40%,16.10%,0.045,54.00%,113
334,2025,Ramon Peralta,CPX,21,199,13.10%,30.20%,0.182,43.70%,113
335,2025,Charles McAdoo,AA,23,494,9.10%,27.70%,0.166,33.80%,113
336,2025,Jose Escobar,A,20,461,10.20%,20.80%,0.085,47.90%,113
337,2025,Willian Berti,DSL,19,182,17.00%,22.50%,0.167,34.70%,113
338,2025,Walker Janek,A+,22,399,7.50%,26.60%,0.17,35.40%,113
339,2025,Edgar Walker,DSL,17,171,11.70%,18.70%,0.103,56.60%,113
340,2025,Carter Cunningham,A+,24,419,16.00%,32.50%,0.194,29.20%,113
341,2025,Harold Rivas,DSL,17,196,17.90%,17.90%,0.126,52.30%,113
342,2025,Caleb Lomavita,A+,22,409,4.60%,20.30%,0.088,51.40%,112
343,2025,Colton Ledbetter,AA,23,535,9.50%,23.90%,0.114,36.20%,112
344,2025,Charlie Pagliarini,A+,24,501,15.00%,26.50%,0.227,37.40%,112
345,2025,Raimundo De Los Santos,CPX,20,170,15.30%,19.40%,0.049,61.20%,112
346,2025,Francisco Acuna,AA,25,477,11.30%,22.20%,0.106,38.90%,112
347,2025,Josh Moylan,A+,22,452,14.20%,29.60%,0.128,39.30%,112
348,2025,Riley Tirotta,AAA,26,463,11.40%,29.60%,0.149,43.60%,112
349,2025,Cam Cauley,AA,22,490,9.60%,24.70%,0.195,37.10%,112
350,2025,Edwin Rios,AAA,31,546,11.50%,33.00%,0.222,42.80%,112
351,2025,Alex Rodriguez,DSL,17,213,11.70%,12.70%,0.072,35.20%,112
352,2025,Yonatan Henriquez,A,20,405,12.60%,17.80%,0.132,44.70%,112
353,2025,Isaac Ponce,DSL,18,187,12.30%,16.00%,0.162,35.10%,112
354,2025,Logan Wagner,A+,21,533,14.60%,26.30%,0.164,39.10%,111
355,2025,George Lombard Jr.,AA,20,469,13.60%,26.40%,0.143,38.80%,111
356,2025,Nate Nankil,A+,22,369,10.30%,14.40%,0.101,39.00%,111
357,2025,Jesús Bastidas,AAA,26,418,8.40%,23.40%,0.197,30.00%,111
358,2025,Carlos Done,DSL,18,198,13.10%,19.70%,0.157,39.10%,111
359,2025,Nelly Taylor,A+,22,473,17.10%,28.10%,0.133,35.50%,111
360,2025,Eduardo Guillen,DSL,17,165,10.90%,30.90%,0.165,42.50%,111
361,2025,Edgar Lugo,DSL,20,152,5.90%,11.80%,0.074,49.10%,111
362,2025,Jon Jon Gazdar,A+,23,416,8.20%,9.60%,0.05,44.90%,111
363,2025,Liberts Aponte,DSL,17,193,15.00%,18.10%,0.214,44.80%,111
364,2025,Daniel Rodriguez,DSL,17,207,24.20%,19.80%,0.06,59.60%,111
365,2025,Spencer Packard,AAA,27,494,13.00%,13.20%,0.135,38.20%,111
366,2025,Reiner Herrera,CPX,19,173,13.30%,19.10%,0.176,38.10%,111
367,2025,Patrick Clohisy,A+,23,405,11.10%,18.80%,0.082,45.70%,111
368,2025,Justin Capellan,DSL,18,186,14.00%,18.30%,0.188,41.30%,111
369,2025,Darwin Almanzar,DSL,17,176,11.40%,15.90%,0.245,38.30%,111
370,2025,Zach Evans,A,22,430,9.80%,15.60%,0.082,40.90%,111
371,2025,Sebastian Walcott,AA,19,552,12.70%,19.60%,0.131,46.00%,110
372,2025,Adrian Gil,CPX,19,221,10.90%,33.90%,0.202,35.20%,110
373,2025,Shotaro Morii,CPX,18,188,19.10%,25.00%,0.126,38.80%,110
374,2025,Gavin Conticello,AA,22,517,11.40%,21.30%,0.16,41.70%,110
375,2025,Jaron Elkins,A,20,515,8.70%,29.70%,0.15,37.00%,110
376,2025,Angel Feliz,CPX,18,228,13.20%,19.30%,0.093,47.40%,110
377,2025,Dante Nori,A,20,502,13.10%,14.90%,0.118,42.90%,110
378,2025,Ramcell Medina,DSL,17,186,16.70%,14.00%,0.144,39.80%,110
379,2025,Samuel Munoz,A,20,451,14.00%,22.20%,0.163,41.90%,110
380,2025,Jorbit Vivas,AAA,24,459,13.90%,9.80%,0.094,41.40%,110
381,2025,Aidan Longwell,A+,23,516,9.30%,19.20%,0.19,32.40%,110
382,2025,Jaylen Palmer,AA,24,437,12.10%,35.00%,0.093,46.40%,110
383,2025,Arnaldo Lantigua,CPX,19,206,8.70%,21.40%,0.251,43.10%,110
384,2025,Kevin Alcántara,AAA,22,430,11.20%,29.80%,0.203,45.80%,110
385,2025,Eliomar Garces,DSL,17,181,16.00%,12.20%,0.104,38.20%,110
386,2025,Juan Brima,DSL,17,201,17.40%,22.40%,0.095,45.80%,110
387,2025,Leonel Espinoza,A,22,408,7.60%,22.10%,0.1,42.60%,109
388,2025,Kendry Chirinos,A,20,382,12.80%,25.40%,0.115,52.50%,109
389,2025,Sandy Presbot,DSL,17,222,14.40%,21.60%,0.123,43.40%,109
390,2025,Dariel Garcia,DSL,18,190,14.70%,22.60%,0.089,50.00%,109
391,2025,Juan Matheus,A,21,394,12.20%,18.80%,0.098,39.10%,109
392,2025,Blake Rambusch,AA,25,393,11.50%,15.50%,0.062,53.60%,109
393,2025,Nick Schnell,AAA,25,402,9.20%,33.80%,0.246,32.70%,109
394,2025,Isaiah Drake,A,19,364,10.70%,22.50%,0.103,42.60%,109
395,2025,Edgar Alvarez,A+,24,438,11.90%,21.50%,0.117,40.60%,109
396,2025,Raider Tello,A,24,398,8.00%,23.40%,0.121,45.20%,109
397,2025,Ryan Galanie,AA,25,409,7.10%,15.40%,0.121,40.90%,108
398,2025,Dashyll Tejeda,CPX,19,153,11.80%,17.00%,0.055,40.20%,108
399,2025,Oliver Guerrero,DSL,17,195,15.40%,22.10%,0.164,45.50%,108
400,2025,Alejandro Cruz,DSL,18,164,18.90%,22.00%,0.15,25.30%,108
401,2025,Christian Knapczyk,A+,23,424,9.90%,18.60%,0.111,39.60%,108
402,2025,Andrew Pinckney,AAA,24,509,8.60%,29.10%,0.162,50.80%,108
403,2025,Tristin English,AAA,28,417,5.00%,14.90%,0.19,46.10%,108
404,2025,Felnin Celesten,A,19,424,8.70%,22.60%,0.099,45.10%,108
405,2025,T.J. Schofield-Sam,A+,24,442,5.40%,21.30%,0.12,43.10%,108
406,2025,Ethan Wagner,CPX,19,153,12.40%,24.20%,0.145,49.40%,108
407,2025,Erny Orellana,DSL,18,160,15.00%,21.30%,0.169,35.20%,108
408,2025,Geraldo Quintero,AA,23,399,13.00%,21.80%,0.146,39.30%,108
409,2025,David Carrera,DSL,18,167,20.40%,22.20%,0.07,42.00%,108
410,2025,Dorian Soto,DSL,17,176,8.50%,14.80%,0.121,38.70%,108
411,2025,Austin Gauthier,AAA,26,478,19.50%,19.20%,0.095,54.00%,108
412,2025,Chad Stevens,AAA,26,528,11.00%,22.20%,0.19,38.80%,107
413,2025,Kyle DeBarge,A+,21,543,12.90%,22.30%,0.124,42.50%,107
414,2025,Joe Mack,AAA,22,412,8.50%,27.90%,0.209,37.50%,107
415,2025,Dylan Dreiling,A+,22,483,12.00%,20.90%,0.155,35.00%,107
416,2025,Yassel Pena,DSL,17,166,22.90%,18.10%,0.081,37.40%,107
417,2025,Tristan Peters,AAA,25,555,11.70%,18.40%,0.164,36.90%,107
418,2025,Yassel Soler,A,19,403,10.40%,22.30%,0.155,47.00%,107
419,2025,Cooper Pratt,AA,20,527,12.70%,15.20%,0.11,40.70%,107
420,2025,Keston Hiura,AAA,28,445,10.60%,27.60%,0.235,37.50%,107
421,2025,Franklin Arias,A+,19,392,8.20%,8.90%,0.115,46.80%,107
422,2025,Braylin Tavera,A,20,443,13.10%,30.50%,0.11,36.60%,107
423,2025,Edwin Arroyo,AA,21,521,7.70%,16.90%,0.086,50.80%,107
424,2025,Hendry Arvelo,DSL,18,160,18.10%,15.00%,0.039,49.50%,107
425,2025,Dustin Harris,AAA,25,425,10.40%,17.40%,0.151,37.20%,107
426,2025,Diego Velasquez,AA,21,566,12.40%,14.30%,0.059,46.20%,107
427,2025,Stiven Martinez,CPX,17,191,17.30%,28.30%,0.145,39.20%,107
428,2025,Manuel Almeida,DSL,17,169,9.50%,27.20%,0.193,44.40%,106
429,2025,Justin Janas,A+,24,354,6.20%,16.90%,0.077,51.00%,106
430,2025,Francisco Loreto,CPX,18,193,9.80%,23.80%,0.16,46.60%,106
431,2025,Kelvin Alcantara,CPX,19,235,11.50%,19.10%,0.136,41.80%,106
432,2025,MJ Melendez,AAA,26,480,8.10%,28.10%,0.229,33.60%,106
433,2025,Jackson Castillo,A+,22,406,11.80%,20.00%,0.094,42.60%,106
434,2025,Ian Petrutz,A+,22,371,10.80%,13.20%,0.104,46.60%,106
435,2025,Eybert Sanchez,DSL,17,221,19.50%,12.20%,0.029,42.60%,106
436,2025,Cole Carrigg,AA,23,537,8.40%,27.00%,0.157,41.40%,106
437,2025,Tucker Toman,A,21,371,9.70%,24.80%,0.115,41.70%,106
438,2025,Felix Cotes,CPX,19,200,16.00%,14.50%,0.038,61.60%,106
439,2025,Walker Martin,A,21,482,14.30%,28.40%,0.15,44.20%,106
440,2025,Vaughn Grissom,AAA,24,418,8.90%,17.50%,0.17,46.70%,106
441,2025,Harold Gonzalez,DSL,18,177,20.90%,15.80%,0.096,39.00%,106
442,2025,Natanael Yuten,A,20,369,7.60%,25.50%,0.121,45.50%,106
443,2025,Hao-Yu Lee,AAA,22,579,11.20%,20.90%,0.163,44.70%,106
444,2025,Jansel Luis,A+,20,447,6.00%,16.30%,0.119,50.60%,106
445,2025,Robert Calaz,A,19,424,8.70%,25.90%,0.14,49.80%,106
446,2025,Johan Machado,DSL,17,237,15.20%,15.20%,0.093,36.40%,105
447,2025,Esmith Pineda,A,20,414,9.20%,21.00%,0.125,37.10%,105
448,2025,Adrian Placencia,A+,22,501,14.60%,30.10%,0.171,35.20%,105
449,2025,Oliver Tejada,CPX,18,230,9.10%,20.90%,0.132,40.10%,105
450,2025,Pablo Martinez,DSL,17,221,13.10%,13.60%,0.073,41.50%,105
451,2025,Narciso Polanco,A,20,524,13.90%,15.60%,0.092,46.20%,105
452,2025,Brett Squires,AA,25,496,9.70%,27.00%,0.163,38.40%,105
453,2025,Brandon Valenzuela,AA,24,374,10.70%,22.20%,0.159,38.20%,105
454,2025,Jimmy Crooks,AAA,23,430,8.40%,26.50%,0.167,45.30%,105
455,2025,Alec Briley,A+,24,438,8.90%,26.50%,0.162,37.40%,105
456,2025,Óscar Mercado,AAA,30,477,14.50%,14.30%,0.123,35.90%,105
457,2025,Chase Davis,AA,23,494,13.60%,29.60%,0.111,48.10%,105
458,2025,Rhylan Thomas,AAA,25,618,7.40%,5.20%,0.086,45.00%,105
459,2025,Frankeli Mesta,DSL,18,196,16.80%,19.40%,0.071,40.90%,104
460,2025,Raynel Delgado,AAA,25,474,10.10%,20.00%,0.097,45.60%,104
461,2025,Jacob Berry,AAA,24,469,10.40%,18.60%,0.133,33.90%,104
462,2025,Ryan Campos,A+,22,421,15.20%,17.60%,0.105,54.20%,104
463,2025,William Bergolla Jr.,AA,20,551,6.70%,4.70%,0.047,49.30%,104
464,2025,Ethan Workinger,AA,23,493,8.70%,18.30%,0.161,41.30%,104
465,2025,Andres Valor,A,19,462,11.00%,29.00%,0.141,33.90%,104
466,2025,Carlos Garces,DSL,18,191,14.70%,5.80%,0.128,37.20%,104
467,2025,Nick Yorke,AAA,23,440,8.20%,22.00%,0.12,52.00%,104
468,2025,Nate Mondou,AAA,30,552,11.80%,14.30%,0.113,39.40%,104
469,2025,Jorge Ruiz,A,21,550,8.50%,16.70%,0.079,54.80%,104
470,2025,Donte Grant,CPX,20,252,11.10%,24.20%,0.115,44.40%,104
471,2025,Abrahan Ramirez,A,20,403,16.90%,21.30%,0.064,48.70%,104
472,2025,Sandor Feliciano,DSL,17,153,7.20%,19.00%,0.105,42.90%,104
473,2025,Rosman Verdugo,A+,20,490,14.70%,32.20%,0.149,30.70%,104
474,2025,Nelson Marin,DSL,19,150,16.00%,19.30%,0.099,39.30%,104
475,2025,Christian Cerda,AA,22,383,13.30%,17.50%,0.212,34.60%,103
476,2025,Elias Reyno,DSL,17,184,20.70%,25.00%,0.093,41.50%,103
477,2025,Anthony Abreu,DSL,17,176,17.00%,38.10%,0.201,33.80%,103
478,2025,Eduardo Herrera,DSL,18,174,17.20%,23.60%,0.162,33.30%,103
479,2025,Jonah Cox,A+,23,597,9.00%,22.40%,0.141,49.00%,103
480,2025,Justin Foscue,AAA,26,453,9.90%,13.90%,0.213,37.10%,103
481,2025,Cooper Kinney,AA,22,501,7.20%,25.00%,0.144,46.70%,103
482,2025,Engel Paulino,CPX,18,178,16.30%,34.80%,0.137,33.70%,103
483,2025,Raylin Ramos,A,20,396,7.60%,25.30%,0.091,46.20%,103
484,2025,Ronald Hernandez,A+,21,393,10.70%,21.90%,0.112,49.80%,103
485,2025,Angel Ortiz,A+,22,494,9.30%,19.40%,0.155,40.90%,103
486,2025,Isaac Garcia,DSL,17,159,8.20%,8.20%,0.123,42.00%,103
487,2025,Caden Kendle,A+,23,371,8.90%,18.60%,0.146,43.40%,103
488,2025,Leo Bernal,AA,21,455,10.80%,16.90%,0.146,39.40%,103
489,2025,Santiago Pinto,DSL,19,177,8.50%,17.50%,0.147,47.90%,102
490,2025,Jared Dickey,A+,23,375,14.90%,13.60%,0.133,45.50%,102
491,2025,Carson McCusker,AAA,27,438,8.20%,33.80%,0.233,39.40%,102
492,2025,Niko Kavadas,AAA,26,527,14.20%,30.90%,0.244,33.10%,102
493,2025,Liordanys Menendez,DSL,17,153,13.70%,12.40%,0.095,43.70%,102
494,2025,Cayden Wallace,AA,23,481,8.30%,23.50%,0.134,35.40%,102
495,2025,Marcelo Alcala,CPX,19,168,8.30%,37.50%,0.247,43.00%,102
496,2025,Danny De Andrade,A+,21,495,8.70%,23.20%,0.158,41.40%,102
497,2025,Roderick Flores,CPX,18,171,18.10%,21.10%,0.106,35.40%,102
498,2025,Austin St. Laurent,A,22,521,13.40%,18.60%,0.07,55.30%,102
499,2025,Owen Carey,A,18,525,7.20%,15.60%,0.087,49.30%,102
500,2025,Guy Lipscomb,AA,24,372,9.70%,16.90%,0.109,38.80%,102
501,2025,Zavier Warren,AA,26,478,11.10%,23.60%,0.143,32.80%,102
502,2025,Nick Lorusso,AA,24,446,9.20%,24.20%,0.127,34.90%,102
503,2025,Sabin Ceballos,AA,22,420,11.20%,17.40%,0.106,41.30%,102
504,2025,Isais Chavez,DSL,17,153,12.40%,24.80%,0.192,24.70%,102
505,2025,Deivis Mosquera,DSL,20,161,13.00%,23.00%,0.069,34.10%,101
506,2025,Jorge Burgos,AA,22,407,10.60%,23.30%,0.18,36.10%,101
507,2025,Sammy Hernandez,A,21,360,12.80%,18.60%,0.058,38.90%,101
508,2025,Anthony Scull,A+,21,465,6.20%,23.00%,0.136,43.20%,101
509,2025,Garrett Martin,AA,25,408,6.90%,23.80%,0.167,37.30%,101
510,2025,Carlos Jorge,A+,21,469,11.10%,18.60%,0.103,49.80%,101
511,2025,Jose Monserrate,CPX,20,171,16.40%,24.00%,0.065,42.10%,101
512,2025,Luis Fragoza,CPX,18,169,10.10%,23.70%,0.08,52.70%,101
513,2025,Jose Ramirez,DSL,17,173,8.70%,16.20%,0.114,43.10%,101
514,2025,Junior Perez,AA,23,405,14.10%,28.60%,0.198,35.80%,101
515,2025,Juan Macero,DSL,17,202,12.40%,10.40%,0.067,44.90%,101
516,2025,Drew Compton,AA,24,448,10.00%,26.10%,0.09,41.60%,101
517,2025,Caleb Cali,AA,24,447,9.80%,31.50%,0.16,34.10%,101
518,2025,Starlyn Nunez,A,19,444,6.10%,20.50%,0.158,41.10%,101
519,2025,Jose Marcano,DSL,18,149,12.80%,10.10%,0.119,42.90%,101
520,2025,Aldo Gaxiola,CPX,19,225,11.10%,17.80%,0.076,46.70%,100
521,2025,Gilberto Celestino,AAA,26,426,12.00%,21.80%,0.11,62.80%,100
522,2025,Won-Bin Cho,A+,21,368,13.60%,23.60%,0.105,48.20%,100
523,2025,D'Angelo Ortiz,CPX,20,185,14.60%,18.40%,0.032,41.40%,100
524,2025,Jose Meza,A,22,531,15.10%,23.50%,0.114,43.20%,100
525,2025,Adam Retzbach,AA,24,446,10.10%,31.60%,0.158,42.40%,100
526,2025,Francisco Vilorio,DSL,18,217,13.80%,24.90%,0.087,47.80%,100
527,2025,Yohendry Sanchez,DSL,18,170,10.60%,13.50%,0.12,42.10%,100
528,2025,Ricardo Cova,A,21,377,5.00%,19.90%,0.125,50.20%,100
529,2025,Jared Sundstrom,AA,24,489,8.20%,29.70%,0.155,39.90%,100
530,2025,Santiago Leon,DSL,17,215,18.10%,18.10%,0.09,46.20%,100
531,2025,Edward Guribe,DSL,18,159,9.40%,17.00%,0.188,29.00%,100
532,2025,Frandy Lafond,DSL,18,176,18.80%,26.10%,0.122,28.40%,100
533,2025,Jamie Westbrook,AAA,30,430,10.00%,16.30%,0.134,47.50%,100
534,2025,Eduardo Beltre,CPX,18,195,10.80%,23.60%,0.164,36.30%,100
535,2025,Asbel Gonzalez,A,19,505,10.70%,17.00%,0.051,50.00%,100
536,2025,A.J. Vukovich,AAA,23,476,9.70%,27.10%,0.214,44.60%,100
537,2025,Luis Mendez,CPX,22,162,11.70%,13.60%,0.158,47.70%,99
538,2025,Manuel Pena,AA,21,470,5.10%,22.30%,0.172,44.80%,99
539,2025,Joe Naranjo,AA,24,418,14.60%,23.40%,0.072,52.00%,99
540,2025,Javi Vaz,AA,24,468,11.50%,9.20%,0.07,39.80%,99
541,2025,Leider Padilla,DSL,18,159,15.70%,27.00%,0.11,47.60%,99
542,2025,Sebastian De Andrade,CPX,19,186,14.50%,23.10%,0.065,51.40%,99
543,2025,Samuel Gil,A,20,362,13.80%,13.50%,0.062,47.40%,99
544,2025,Herlinton Herrera,DSL,18,162,17.30%,18.50%,0.111,34.80%,99
545,2025,Kendrick Herrera,CPX,18,208,13.50%,20.20%,0.057,49.20%,99
546,2025,Juan Mateo,CPX,18,210,10.00%,16.20%,0.043,51.70%,99
547,2025,Cristian Hernández,A+,21,507,10.50%,20.70%,0.113,47.10%,99
548,2025,Alejandro Nuñez,A+,20,402,6.50%,23.90%,0.131,38.40%,99
549,2025,Kevin Robledo,DSL,18,167,16.80%,19.80%,0.069,37.10%,99
550,2025,Cole McConnell,A+,24,358,11.70%,29.90%,0.089,50.30%,99
551,2025,Angel Guzman,CPX,19,167,17.40%,26.30%,0.14,40.00%,99
552,2025,Athanael Duarte,CPX,20,231,12.10%,24.20%,0.143,35.30%,99
553,2025,Carlos Torres,DSL,17,167,8.40%,10.20%,0.088,40.00%,99
554,2025,Cole Messina,A+,22,434,11.80%,16.60%,0.123,43.20%,98
555,2025,Jorge Quintana,CPX,18,229,10.50%,21.80%,0.139,43.90%,98
556,2025,Carson Williams,AAA,22,451,12.40%,34.10%,0.234,35.20%,98
557,2025,Angel Guzman,DSL,18,182,16.50%,14.30%,0.135,49.60%,98
558,2025,Anthony Gutierrez,A+,20,381,8.10%,20.70%,0.062,45.10%,98
559,2025,Darison Garcia,CPX,18,216,18.50%,21.80%,0.065,58.00%,98
560,2025,Johnny Olmstead,AA,24,373,7.20%,16.60%,0.153,38.40%,98
561,2025,Connor Hujsak,A,23,426,7.70%,28.90%,0.147,41.60%,98
562,2025,Carlos De La Cruz,AA,25,470,7.40%,33.00%,0.168,39.70%,98
563,2025,Daiverson Gutierrez,A,19,395,13.40%,14.70%,0.067,44.20%,98
564,2025,Andru Arthur,CPX,19,156,19.20%,30.80%,0.06,45.50%,98
565,2025,Romeo Sanabria,AA,23,499,7.60%,21.40%,0.119,40.50%,98
566,2025,George Wolkow,A,19,496,10.90%,29.60%,0.138,41.20%,98
567,2025,Givian Sirvania,DSL,17,179,12.80%,19.60%,0.108,33.70%,98
568,2025,Johan Macias,A,22,475,8.40%,14.10%,0.086,45.00%,98
569,2025,Joey Meneses,AAA,33,419,6.90%,14.80%,0.182,39.60%,98
570,2025,Brian Kalmer,A+,24,360,13.90%,25.30%,0.16,24.50%,98
571,2025,Alexey Lumpuy,A,21,429,7.90%,35.90%,0.154,44.40%,98
572,2025,Milan Tolentino,AAA,23,460,12.00%,34.30%,0.221,34.60%,98
573,2025,Pascanel Ferreras,AA,23,454,9.30%,24.40%,0.123,47.80%,98
574,2025,Ediel Rivera,CPX,19,185,9.20%,26.50%,0.118,48.00%,98
575,2025,Jose Fernandez,AA,21,511,6.30%,20.40%,0.183,45.10%,98
576,2025,Luis De La Cruz,CPX,18,199,11.60%,17.10%,0.084,49.20%,98
577,2025,Brandon Winokur,A+,20,529,8.30%,24.80%,0.162,45.10%,98
578,2025,Daniel Vazquez,A+,21,463,10.40%,20.10%,0.089,43.10%,97
579,2025,Spencer Nivens,AA,23,515,13.60%,21.20%,0.096,36.70%,97
580,2025,Ashly Andujar,CPX,17,217,6.90%,14.30%,0.037,63.90%,97
581,2025,Yimy Tovar,CPX,19,163,8.00%,20.90%,0.082,53.20%,97
582,2025,Mitch Jebb,AA,23,513,11.50%,10.90%,0.052,45.00%,97
583,2025,Gabriel Guanchez,DSL,18,172,10.50%,26.70%,0.233,46.40%,97
584,2025,Rodolfo Castro,AAA,26,525,10.30%,22.70%,0.186,43.80%,97
585,2025,Jefer Lista,DSL,17,233,16.30%,15.90%,0.034,42.50%,97
586,2025,Juan Brown,DSL,17,161,10.60%,30.40%,0.118,37.30%,97
587,2025,Thayron Liranzo,AA,21,394,11.90%,31.70%,0.145,39.40%,97
588,2025,Jose Devers,A+,22,516,6.00%,27.50%,0.175,43.40%,97
589,2025,Darell Hernaiz,AAA,23,445,10.30%,11.50%,0.119,44.60%,97
590,2025,Larry Suero,DSL,17,199,13.60%,22.60%,0.141,37.30%,97
591,2025,Bill Knight,AA,25,565,8.00%,20.70%,0.07,47.00%,97
592,2025,Leandro Pineda,AA,23,394,11.90%,22.80%,0.154,41.60%,97
593,2025,Marco Vargas,A+,20,408,11.80%,20.10%,0.056,41.90%,97
594,2025,Clay Dungan,AAA,29,625,11.70%,22.70%,0.175,44.60%,96
595,2025,Jorge Barrosa,AAA,24,456,11.80%,20.80%,0.137,42.60%,96
596,2025,T.J. White,A+,21,427,9.40%,26.70%,0.106,39.60%,96
597,2025,Lisbel Diaz,A,19,561,5.90%,18.70%,0.136,44.00%,96
598,2025,Luis Pino,A,21,413,13.10%,31.20%,0.136,34.90%,96
599,2025,Cristopher Polanco,DSL,17,222,23.40%,25.20%,0.055,44.40%,96
600,2025,Marco Luciano,AAA,23,555,15.30%,30.60%,0.199,42.00%,96
601,2025,Juarlin Soto,DSL,18,208,17.30%,14.40%,0.093,38.00%,96
602,2025,Kavares Tears,A,22,475,12.20%,29.10%,0.159,46.00%,96
603,2025,Christian Astudillo,DSL,18,182,14.30%,13.70%,0.101,48.20%,95
604,2025,Bernard Moon,A,20,451,8.60%,20.00%,0.131,46.00%,95
605,2025,Raily Liriano,DSL,18,215,7.90%,26.00%,0.155,37.20%,95
606,2025,Ariel Armas,A+,22,381,10.00%,18.40%,0.114,38.50%,95
607,2025,Samuel Gonzalez,DSL,18,206,11.70%,11.70%,0.076,45.50%,95
608,2025,Moisés Gómez,AA,26,444,8.60%,28.80%,0.132,24.30%,95
609,2025,Daniel Meza,DSL,17,170,20.60%,25.90%,0.015,60.00%,95
610,2025,Collin Price,AAA,25,449,10.00%,30.30%,0.199,30.90%,95
611,2025,Petey Halpin,AAA,23,553,9.20%,28.20%,0.164,27.30%,95
612,2025,Quinn McDaniel,A+,22,428,12.10%,28.70%,0.128,36.80%,95
613,2025,Joshua Francis,DSL,18,156,9.60%,12.80%,0.096,50.50%,95
614,2025,Yordany De Los Santos,A,20,512,7.80%,26.80%,0.139,47.00%,95
615,2025,Joe Vetrano,A+,23,414,11.10%,26.80%,0.137,49.00%,95
616,2025,Ryan McCarty,AA,26,377,10.90%,24.40%,0.095,36.50%,95
617,2025,C.J. Pittaro,A,23,413,12.60%,20.60%,0.077,56.90%,95
618,2025,Rubel Cespedes,AA,24,398,8.80%,16.80%,0.15,43.30%,94
619,2025,Yensi Rivas,DSL,18,164,12.80%,20.10%,0.051,54.50%,94
620,2025,Adrian Santana,A+,19,409,8.60%,12.00%,0.063,49.20%,94
621,2025,Marlon Quintero,CPX,18,176,4.00%,18.20%,0.075,46.00%,94
622,2025,Daniel Susac,AAA,24,407,8.60%,26.80%,0.208,46.60%,94
623,2025,Tim Locastro,AAA,32,414,8.70%,16.20%,0.163,36.80%,94
624,2025,Frainyer Chavez,AA,26,395,11.60%,21.80%,0.079,40.30%,94
625,2025,Yohandy Morales,AAA,23,433,10.60%,30.30%,0.152,50.80%,94
626,2025,Gerardo Rodriguez,CPX,19,170,5.90%,13.50%,0.104,38.00%,94
627,2025,Joshua Kuroda-Grauer,A+,22,366,7.10%,10.10%,0.069,46.60%,94
628,2025,Paulino Santana,CPX,18,239,8.80%,27.20%,0.147,46.20%,94
629,2025,Ruben Santana,A,20,366,10.70%,26.80%,0.13,43.80%,94
630,2025,Eddys Leonard,AAA,24,494,7.30%,19.20%,0.196,43.10%,94
631,2025,Devin Ortiz,AA,26,532,9.80%,18.20%,0.075,49.50%,94
632,2025,Zac Veen,AAA,23,412,8.50%,20.40%,0.178,46.90%,94
633,2025,John Michael Faile,A+,25,365,6.60%,27.90%,0.173,35.60%,94
634,2025,Roberto Campos,AA,22,403,8.90%,25.10%,0.111,46.30%,94
635,2025,Stone Russell,A,21,458,13.10%,18.30%,0.099,50.80%,93
636,2025,Grant McCray,AAA,24,510,10.80%,27.10%,0.167,47.40%,93
637,2025,Colby Jones,A,21,374,16.00%,20.90%,0.046,52.20%,93
638,2025,Ambioris Tavarez,A+,21,398,11.80%,34.90%,0.068,53.00%,93
639,2025,Jancory De La Cruz,CPX,19,156,15.40%,31.40%,0.108,51.30%,93
640,2025,D'Angelo Tejada,CPX,19,206,9.70%,31.60%,0.121,48.20%,93
641,2025,Eyeksson Rojas,CPX,19,151,8.60%,16.60%,0.076,50.00%,93
642,2025,Adriel Radney,DSL,18,209,12.00%,17.70%,0.136,50.40%,93
643,2025,Kevin Fitzer,A,23,469,8.50%,21.70%,0.105,37.80%,93
644,2025,Gage Miller,A+,22,356,13.50%,14.90%,0.1,40.00%,93
645,2025,Garrett Spain,AA,24,486,8.00%,27.00%,0.17,38.20%,92
646,2025,Druw Jones,A+,21,545,10.30%,23.30%,0.105,50.80%,92
647,2025,Nathan Hickey,AAA,25,514,11.50%,27.40%,0.174,41.20%,92
648,2025,Dillon Head,A,20,425,13.60%,19.10%,0.095,44.20%,92
649,2025,Arjun Nimmala,A+,19,543,10.10%,21.40%,0.156,41.90%,92
650,2025,Elias Perez,DSL,17,196,15.30%,19.90%,0.055,40.50%,92
651,2025,Nathan Martorella,AA,24,394,12.20%,19.00%,0.135,34.00%,92
652,2025,Dominic Fletcher,AAA,27,446,6.50%,19.50%,0.193,36.60%,92
653,2025,Engelth Urena,A,20,400,13.30%,19.30%,0.123,32.90%,92
654,2025,Taylor Young,AA,26,575,13.90%,15.80%,0.056,45.50%,92
655,2025,José Suárez,A,20,366,8.20%,27.00%,0.076,57.30%,92
656,2025,Andre Lipcius,AAA,27,421,8.80%,18.30%,0.208,32.20%,92
657,2025,Rafael Lantigua,AAA,27,495,15.60%,14.70%,0.1,45.70%,92
658,2025,Gavin Cross,AA,24,507,6.50%,26.40%,0.172,40.20%,92
659,2025,Filippo Di Turi,A,19,479,14.00%,26.30%,0.123,35.30%,92
660,2025,Frederi Montero,CPX,18,232,13.80%,20.30%,0.051,44.90%,92
661,2025,Anthony Vilar,AA,26,382,12.80%,26.40%,0.108,42.70%,92
662,2025,Arturo Disla,A+,24,411,8.00%,23.10%,0.129,46.30%,91
663,2025,Ronny Cruz,CPX,18,189,5.30%,18.50%,0.161,38.00%,91
664,2025,Carter Frederick,A+,22,405,10.60%,32.60%,0.119,43.30%,91
665,2025,Luis Frias,DSL,20,178,6.70%,23.00%,0.1,47.70%,91
666,2025,Dakota Harris,AA,23,477,5.50%,17.20%,0.108,51.90%,91
667,2025,Zack Short,AAA,30,475,16.40%,25.30%,0.164,27.90%,91
668,2025,José Peña,DSL,16,206,14.60%,20.40%,0.102,47.10%,91
669,2025,Yorger Bautista,DSL,17,225,9.30%,29.80%,0.181,45.00%,91
670,2025,Will Simpson,AA,23,479,8.80%,22.80%,0.133,36.10%,91
671,2025,Dawel Joseph,DSL,18,211,19.00%,30.30%,0.099,30.40%,91
672,2025,Edgleen Perez,A,19,382,18.10%,19.40%,0.026,49.80%,91
673,2025,Carter Howell,AA,26,439,8.20%,21.60%,0.114,32.30%,91
674,2025,Ethan O'Donnell,AA,23,503,10.70%,25.60%,0.09,48.20%,90
675,2025,Nick Senzel,AAA,30,411,10.90%,18.50%,0.156,38.60%,90
676,2025,Griff O'Ferrall,A+,22,474,11.20%,15.00%,0.073,37.40%,90
677,2025,Yophery Rodriguez,A+,19,433,12.00%,18.70%,0.116,38.40%,90
678,2025,DJ Gladney,AA,23,405,5.20%,31.10%,0.133,52.00%,90
679,2025,Luis Galan,DSL,16,170,14.10%,20.60%,0.036,50.50%,90
680,2025,Gleider Figuereo,A+,21,464,9.50%,28.40%,0.152,38.40%,90
681,2025,Carlos Bello,DSL,17,198,14.10%,24.70%,0.137,45.30%,90
682,2025,Fraimy Santa,DSL,17,200,12.50%,25.50%,0.101,44.30%,90
683,2025,Luis Suisbel,A+,22,491,9.80%,27.50%,0.201,35.90%,89
684,2025,Darwin Nuñez,DSL,17,201,22.40%,15.40%,0.033,34.20%,89
685,2025,Bryan Rincon,A+,21,359,13.90%,28.70%,0.117,36.30%,89
686,2025,Yordalin Peña,A,20,412,8.50%,26.20%,0.133,39.20%,89
687,2025,Yancel Guerrero,CPX,21,176,9.70%,27.80%,0.089,52.80%,89
688,2025,Stiven Flores,CPX,19,200,8.00%,9.00%,0.106,36.50%,89
689,2025,Manuel Beltre,A,21,431,10.20%,17.60%,0.098,41.40%,89
690,2025,Kennew Blanco,DSL,19,237,7.20%,11.40%,0.104,43.40%,89
691,2025,Pablo Aliendo,AA,24,390,6.20%,34.90%,0.15,33.00%,89
692,2025,Eddie Rynders,CPX,19,201,14.90%,24.90%,0.065,52.70%,89
693,2025,Mani Cedeno,DSL,16,213,20.20%,35.70%,0.122,44.60%,88
694,2025,Yoeilin Cespedes,A,19,477,8.60%,21.20%,0.15,32.20%,88
695,2025,Daiber De Los Santos,CPX,18,186,11.30%,47.80%,0.167,38.10%,88
696,2025,Jay Allen II,AA,22,482,8.90%,24.50%,0.116,45.20%,88
697,2025,Jesus Superlano,CPX,19,210,9.00%,28.10%,0.06,51.20%,88
698,2025,Kenny Fenelon,DSL,17,219,15.10%,23.70%,0.141,28.10%,88
699,2025,Welbyn Francisca,A,19,428,11.90%,17.10%,0.073,47.50%,88
700,2025,Roderick Arias,A,20,465,14.00%,28.80%,0.107,44.20%,88
701,2025,Yoiber Ocopio,CPX,20,182,13.20%,24.70%,0.115,33.30%,88
702,2025,Alexander Rincon,DSL,18,210,10.00%,12.40%,0.049,54.10%,88
703,2025,Carlos Matias,DSL,18,182,11.00%,14.30%,0.062,42.90%,88
704,2025,Robin Ortiz,DSL,18,164,15.20%,21.30%,0.127,29.70%,88
705,2025,Adbiel Feliz,DSL,18,164,17.70%,7.30%,0.047,46.50%,88
706,2025,Kyle Henley,A,20,423,6.90%,31.90%,0.058,65.00%,87
707,2025,Douglas Hodo III,AA,24,435,12.60%,29.20%,0.133,26.60%,87
708,2025,Lizandro Espinoza,A+,22,377,6.90%,28.40%,0.149,37.40%,87
709,2025,Maximo Acosta,AAA,22,465,10.80%,26.50%,0.141,43.80%,87
710,2025,Jesus Perez,DSL,17,174,13.20%,16.10%,0.091,51.50%,87
711,2025,Pablo Guerrero,A,18,396,11.40%,25.00%,0.11,44.70%,87
712,2025,Argenis Valdez,DSL,18,169,11.80%,16.60%,0.113,45.50%,87
713,2025,Wilfred Veras,AA,22,464,9.30%,30.00%,0.112,50.70%,87
714,2025,Luis Merejo,A,19,457,11.80%,32.20%,0.141,36.90%,87
715,2025,Jose Riera,DSL,17,200,12.00%,14.50%,0.165,36.60%,87
716,2025,Eryks Rivero,DSL,17,160,20.60%,30.60%,0.091,43.30%,87
717,2025,Johan Rodriguez,CPX,17,187,9.60%,20.90%,0.121,30.40%,87
718,2025,Ahbram Liendo,AA,21,463,10.40%,24.20%,0.069,52.40%,87
719,2025,Rayner Arias,CPX,19,178,8.40%,25.80%,0.124,45.30%,87
720,2025,Zane Zielinski,A+,23,483,10.10%,25.50%,0.063,49.80%,86
721,2025,Yeiner Fernandez,AA,22,442,8.80%,11.10%,0.051,46.30%,86
722,2025,Victor Hurtado,DSL,18,168,11.30%,13.70%,0.079,37.00%,86
723,2025,Jud Fabian,AAA,24,431,16.70%,31.60%,0.166,39.10%,86
724,2025,Luis Escudero,CPX,19,189,15.90%,14.80%,0.103,37.90%,86
725,2025,Facundo Velásquez,CPX,19,191,19.40%,38.20%,0.072,50.00%,86
726,2025,Ricardo Gonzalez,A,20,431,12.50%,18.80%,0.038,50.70%,86
727,2025,Luke Ritter,AAA,28,438,11.60%,31.50%,0.141,46.40%,86
728,2025,Brendan Durfee,A+,23,376,9.30%,26.10%,0.11,40.30%,86
729,2025,Luis Mieses,AA,25,428,7.20%,19.90%,0.155,37.40%,86
730,2025,Nathan Archer,A,22,391,11.00%,32.70%,0.108,41.70%,86
731,2025,Christian Cairo,AAA,24,416,10.80%,23.30%,0.093,54.30%,86
732,2025,Jord David Diaz,DSL,17,148,8.80%,18.90%,0.032,60.00%,86
733,2025,Rafhlmil Torres,CPX,19,179,10.10%,12.80%,0.172,48.40%,85
734,2025,Jack Costello,A+,24,439,5.90%,17.30%,0.122,37.60%,85
735,2025,Osleivis Basabe,AAA,24,477,6.90%,17.60%,0.163,47.60%,85
736,2025,Cristian Montilla,DSL,17,167,10.20%,15.00%,0.069,44.10%,85
737,2025,Dameury Pena,A,19,417,8.40%,8.90%,0.076,44.70%,85
738,2025,Kelvin Hidalgo,A,20,506,7.30%,24.70%,0.098,57.30%,85
739,2025,Victor Acosta,A+,21,391,9.70%,18.70%,0.055,48.00%,85
740,2025,Emilio Sanchez,DSL,18,220,18.20%,28.20%,0.046,50.50%,85
741,2025,Ben Ross,AA,24,490,11.20%,22.70%,0.144,34.10%,85
742,2025,Nick Peoples,A,20,386,10.60%,38.90%,0.127,44.00%,85
743,2025,Trey Snyder,A,19,512,14.10%,18.80%,0.067,52.00%,85
744,2025,Andy Polanco,CPX,20,163,10.40%,26.40%,0.071,71.00%,85
745,2025,Matt Koperniak,AAA,27,536,9.00%,19.20%,0.136,44.90%,85
746,2025,Brennon McNair,A,22,368,9.80%,28.80%,0.152,32.20%,85
747,2025,Juan Guerrero,AA,23,413,7.70%,15.30%,0.062,48.40%,85
748,2025,Caleb Roberts,AA,25,437,10.30%,23.60%,0.15,39.10%,85
749,2025,Deyvison De Los Santos,AAA,22,444,8.10%,22.30%,0.123,50.90%,84
750,2025,Jesus Castillo,A+,21,397,9.10%,22.40%,0.046,56.00%,84
751,2025,Mairo Martinus,A,20,394,8.90%,26.90%,0.106,39.80%,84
752,2025,Yerald Nin,A,19,457,10.70%,22.30%,0.058,50.30%,84
753,2025,Avinson Pinto,CPX,18,179,11.70%,20.70%,0.105,46.80%,84
754,2025,Jose Pirela,A,19,360,6.90%,32.80%,0.12,30.20%,84
755,2025,Geomaikel Martinez,DSL,17,153,9.20%,18.30%,0.082,47.90%,84
756,2025,Boston Baro,A+,20,433,7.20%,20.30%,0.097,36.50%,84
757,2025,Leonard Rijo,DSL,17,230,15.20%,15.20%,0.038,39.10%,84
758,2025,Rayner Herrera,DSL,17,156,16.00%,28.80%,0.152,24.30%,84
759,2025,Yerlin Confidan,A+,22,474,10.80%,28.10%,0.096,53.00%,84
760,2025,Alberto Barriga,A,20,410,12.90%,28.80%,0.097,38.90%,83
761,2025,Brailyn Antunez,DSL,17,241,12.40%,17.00%,0.067,48.60%,83
762,2025,Andy Perez,A+,21,483,5.00%,16.80%,0.119,52.60%,83
763,2025,Conner Capel,AAA,28,414,10.10%,20.00%,0.125,41.50%,83
764,2025,Max Ferguson,AA,25,392,15.10%,21.70%,0.095,39.70%,83
765,2025,Andres Garza,DSL,18,150,16.00%,28.00%,0.06,50.70%,83
766,2025,Ruben Castillo,DSL,17,225,11.10%,24.40%,0.147,49.20%,83
767,2025,Elian Adames,DSL,17,188,7.40%,27.70%,0.076,47.80%,83
768,2025,Rashawn Pinder,CPX,18,209,7.70%,28.20%,0.119,47.90%,83
769,2025,Eddy Rodriguez,A,21,366,12.30%,29.20%,0.154,41.50%,83
770,2025,Casey Cook,A+,22,493,10.50%,21.50%,0.089,39.40%,83
771,2025,Diorland Zambrano,DSL,18,185,9.20%,5.90%,0.08,42.30%,82
772,2025,Trey Lipscomb,AAA,25,489,7.20%,19.40%,0.143,48.30%,82
773,2025,Kleimir Lemos,CPX,20,220,4.50%,26.40%,0.164,36.60%,82
774,2025,Amauri Ramirez,DSL,18,175,12.00%,26.30%,0.111,40.70%,82
775,2025,Jose Dickson,CPX,18,171,11.70%,24.60%,0.101,46.20%,82
776,2025,Kai Murphy,AA,24,379,11.30%,18.20%,0.043,51.80%,82
777,2025,Kellen Strahm,AAA,28,429,13.80%,21.20%,0.102,50.90%,82
778,2025,Jaime Ferrer,A+,22,373,6.20%,22.50%,0.122,46.70%,82
779,2025,Alexander Alzi,DSL,18,169,8.30%,33.10%,0.082,36.90%,82
780,2025,Antoni Urena,DSL,18,169,16.60%,11.20%,0.067,52.30%,82
781,2025,Anderson Navas,DSL,18,173,3.50%,23.70%,0.134,37.10%,82
782,2025,Dustin Dickerson,AA,24,406,14.80%,24.10%,0.071,37.70%,82
783,2025,Randal Diaz,A,22,428,10.70%,15.40%,0.054,46.10%,82
784,2025,Manuel German,CPX,20,166,4.20%,28.90%,0.175,48.00%,82
785,2025,Eduardo Ponce,CPX,18,194,13.90%,14.90%,0.086,46.90%,82
786,2025,Djean Macares,DSL,17,200,14.50%,13.00%,0.071,47.20%,82
787,2025,John Santana,DSL,19,206,12.60%,19.90%,0.14,44.10%,81
788,2025,Kleyver Salazar,A,19,404,13.90%,20.30%,0.061,43.50%,81
789,2025,Tanner Murray,AAA,25,572,6.80%,24.10%,0.159,44.20%,81
790,2025,Matthew Lugo,AAA,24,462,6.90%,29.40%,0.182,45.10%,81
791,2025,Bracewell Taveras,CPX,19,195,7.20%,23.60%,0.062,46.70%,81
792,2025,Oliver Dunn,AAA,27,465,11.60%,31.40%,0.13,47.80%,81
793,2025,Alejandro Pereira,DSL,18,178,9.00%,13.50%,0.054,50.00%,80
794,2025,John Wimmer,A,20,359,8.40%,36.20%,0.115,44.30%,80
795,2025,Jhonger Ochoa,DSL,17,164,11.00%,23.80%,0.053,37.00%,80
796,2025,Sterling Bazil,DSL,17,168,16.70%,26.20%,0.159,51.60%,80
797,2025,Josh Hood,AA,24,419,7.40%,30.30%,0.135,36.40%,80
798,2025,Tyler Whitaker,A+,22,402,11.70%,34.10%,0.126,35.70%,80
799,2025,Randy Soto,DSL,18,213,18.80%,15.50%,0.06,44.60%,80
800,2025,Anielson Buten,CPX,19,163,4.30%,29.40%,0.128,44.60%,80
801,2025,Luke Mann,AA,25,462,11.30%,30.10%,0.143,38.80%,79
802,2025,Casey Yamauchi,A+,24,481,4.60%,7.50%,0.069,52.40%,79
803,2025,Nic Kent,AA,25,384,8.60%,20.80%,0.077,41.40%,79
804,2025,Capri Ortiz,A+,20,399,8.00%,20.30%,0.093,46.70%,79
805,2025,Tai Peete,A+,19,529,8.70%,30.60%,0.187,34.70%,79
806,2025,Bryan Ramos,AAA,23,431,9.70%,22.30%,0.181,37.20%,79
807,2025,Victor Cardoza,CPX,19,174,7.50%,31.60%,0.12,44.10%,79
808,2025,Frederik Jimenez,A,20,368,12.00%,28.80%,0.096,38.50%,78
809,2025,Carlos Mota,DSL,17,157,7.60%,24.80%,0.038,47.90%,78
810,2025,Yeycol Soriano,CPX,19,164,13.40%,31.70%,0.101,48.10%,78
811,2025,Martin Gonzalez,CPX,20,219,13.70%,30.10%,0.106,40.90%,78
812,2025,Alejo Lopez,AAA,29,482,10.00%,13.70%,0.085,49.70%,78
813,2025,Anyelo Marquez,CPX,19,191,9.40%,27.70%,0.133,41.80%,77
814,2025,Gustavo Marquez,CPX,20,171,10.50%,26.30%,0.043,55.80%,77
815,2025,Yasser Mercedes,A,20,419,13.10%,25.10%,0.121,35.50%,77
816,2025,Brayden Taylor,AA,23,437,14.00%,27.70%,0.114,28.50%,77
817,2025,Jeison Lopez,DSL,19,198,7.60%,20.70%,0.099,34.40%,77
818,2025,Jhonny Severino,A,20,468,6.80%,25.20%,0.144,39.10%,77
819,2025,Jared Serna,AA,23,437,9.60%,15.80%,0.054,50.30%,77
820,2025,John Rhodes,AA,24,430,12.60%,25.80%,0.092,39.60%,77
821,2025,Alex Mooney,AA,22,442,10.60%,29.20%,0.088,35.90%,77
822,2025,Simon Juan,A,19,376,7.70%,29.50%,0.118,47.20%,77
823,2025,Yan Cruz,CPX,18,164,20.70%,48.20%,0.093,42.60%,77
824,2025,Jose Bericoto,DSL,18,151,16.60%,24.50%,0.058,37.30%,77
825,2025,Owen Miller,AAA,28,441,6.60%,16.10%,0.152,41.10%,76
826,2025,Jeffry Rosa,CPX,20,147,6.80%,29.30%,0.148,42.70%,76
827,2025,Elian Soto,CPX,19,179,16.80%,33.00%,0.125,48.10%,76
828,2025,Andres Arias,CPX,18,183,11.50%,31.10%,0.128,36.60%,76
829,2025,Christofer Reyes,DSL,17,165,11.50%,29.10%,0.084,42.90%,76
830,2025,Junior Garcia,CPX,19,161,9.30%,24.20%,0.131,38.20%,76
831,2025,James Triantos,AAA,22,444,7.00%,15.10%,0.111,55.60%,76
832,2025,Fabian Lopez,CPX,19,151,7.90%,37.10%,0.09,44.70%,76
833,2025,Carlos Rodríguez,AAA,24,533,9.20%,12.80%,0.076,39.70%,76
834,2025,Sean McLain,AA,24,439,10.90%,21.60%,0.082,37.40%,76
835,2025,Carson Rucker,A,20,429,7.00%,24.20%,0.059,43.30%,76
836,2025,Levi Jordan,AAA,29,461,7.80%,14.50%,0.109,46.60%,75
837,2025,Ben Cowles,AAA,25,462,7.10%,28.60%,0.145,37.10%,75
838,2025,Yolmer Sánchez,AAA,33,492,13.60%,23.20%,0.082,40.50%,75
839,2025,Keyber Rodriguez,AA,24,481,7.70%,18.90%,0.065,40.10%,75
840,2025,Juan Alvarez,DSL,19,173,7.50%,23.70%,0.144,42.60%,75
841,2025,Abdias De La Cruz,A,20,409,11.20%,25.70%,0.074,38.20%,75
842,2025,William Lugo,AA,23,427,9.10%,26.50%,0.087,43.60%,75
843,2025,Randy De Jesus,A+,20,483,10.10%,34.00%,0.154,40.10%,75
844,2025,Jefferson Vargas,DSL,17,161,18.00%,22.40%,0.047,39.60%,75
845,2025,Yeiker Reyes,A,19,381,11.30%,25.50%,0.055,52.90%,75
846,2025,Jhon Diaz,A+,22,369,8.40%,24.10%,0.142,50.20%,75
847,2025,Brainerh Palacios,DSL,17,191,13.60%,18.80%,0.038,47.40%,75
848,2025,Erick Torres,A+,20,446,7.00%,15.90%,0.068,49.70%,75
849,2025,Jeremy Rivas,AA,22,487,9.90%,27.70%,0.115,38.70%,75
850,2025,Jhonayker Ugarte,CPX,18,214,14.50%,30.80%,0.068,48.10%,74
851,2025,Andrew Salas,A,17,453,15.90%,24.30%,0.059,32.70%,74
852,2025,Cade Doughty,AA,24,373,5.40%,22.30%,0.085,39.70%,74
853,2025,Ronald Rosario,AA,22,402,8.20%,23.60%,0.12,43.20%,74
854,2025,Vance Honeycutt,A+,22,436,12.80%,40.80%,0.104,30.70%,74
855,2025,Yolfran Castillo,CPX,18,258,6.20%,20.20%,0.106,46.70%,74
856,2025,Saivel Zayas,DSL,17,210,9.00%,23.30%,0.093,48.80%,74
857,2025,Vladi Gomez,CPX,19,152,17.10%,21.70%,0.049,28.00%,74
858,2025,Daniel Lopez,CPX,19,212,7.10%,18.40%,0.155,48.30%,74
859,2025,Luis Garcia,DSL,17,194,17.00%,14.90%,0.101,40.80%,74
860,2025,Ludwing Espinoza,CPX,19,173,10.40%,23.10%,0.085,38.50%,74
861,2025,Dario Laverde,A,20,374,8.00%,21.10%,0.084,42.30%,73
862,2025,Jordan Thompson,A+,23,402,8.00%,27.10%,0.101,44.70%,73
863,2025,Raymer Medina,DSL,17,164,14.00%,27.40%,0.086,49.40%,73
864,2025,Skyler Messinger,A+,26,462,5.80%,23.20%,0.128,44.40%,73
865,2025,Cristian Perez,DSL,18,182,7.70%,30.20%,0.131,46.90%,73
866,2025,P.J. Higgins,AAA,32,408,7.10%,18.40%,0.105,41.60%,72
867,2025,Eliezer Alfonzo,DSL,17,172,18.00%,25.00%,0.022,52.30%,72
868,2025,Jan Luis Reyes,CPX,19,175,11.40%,20.00%,0.079,47.80%,72
869,2025,Angel Mata,CPX,20,162,9.30%,20.40%,0.092,47.00%,72
870,2025,Leudy Arache,DSL,17,172,12.20%,26.20%,0.11,32.00%,72
871,2025,Johanse Gomez,DSL,17,176,21.00%,29.50%,0.084,47.30%,72
872,2025,Kody Huff,AAA,24,407,9.10%,25.60%,0.108,53.20%,71
873,2025,Brayan Cota,DSL,18,166,16.90%,16.30%,0.047,46.70%,71
874,2025,Michael Siani,AAA,25,430,11.60%,24.70%,0.12,45.00%,71
875,2025,Eliesbert Alejos,CPX,19,226,4.00%,15.50%,0.06,54.10%,71
876,2025,David Ortiz Jr.,DSL,17,155,25.20%,29.70%,0.044,50.00%,71
877,2025,Kenedy Corona,AAA,25,433,10.60%,23.30%,0.106,46.10%,71
878,2025,Israel Alvarez,DSL,17,184,10.90%,15.80%,0.045,51.80%,71
879,2025,Cristopher Acosta,DSL,17,218,19.70%,20.60%,0.071,45.90%,70
880,2025,Alan Angulo,DSL,17,168,9.50%,7.70%,0.075,57.90%,70
881,2025,Bohan Adderley,CPX,18,189,13.20%,31.20%,0.088,44.70%,70
882,2025,Kenni Gomez,A+,20,365,5.50%,27.40%,0.117,36.70%,70
883,2025,Jhojan Downer,DSL,18,168,17.30%,23.80%,0.06,41.20%,69
884,2025,Anderdson Rojas,A+,21,474,9.90%,16.00%,0.068,54.00%,69
885,2025,Leonardo Pineda,CPX,18,161,13.70%,29.20%,0.038,50.00%,69
886,2025,Omar Mejia,DSL,18,163,8.60%,24.50%,0.094,40.40%,68
887,2025,Lewis German,DSL,17,177,9.00%,30.50%,0.135,42.10%,68
888,2025,Heins Brito,DSL,17,177,13.00%,19.20%,0.088,40.60%,67
889,2025,Alfonzo Martinez,CPX,19,189,5.30%,19.60%,0.058,49.60%,66
890,2025,Brandon Eike,A+,23,387,6.70%,31.30%,0.16,40.50%,66
891,2025,Kadil Rubio,DSL,17,155,8.40%,16.80%,0.016,52.30%,66
892,2025,Cristopfer Gonzalez,DSL,19,154,15.60%,33.80%,0.081,32.30%,66
893,2025,Nik McClaughry,CPX,25,202,8.40%,19.80%,0.046,38.60%,65
894,2025,Johan Rodriguez,DSL,17,149,10.10%,10.10%,0.047,53.60%,65
895,2025,Josh Hatcher,AA,26,376,3.50%,28.20%,0.111,54.30%,65
896,2025,Rafael Morel,A+,23,362,13.80%,30.90%,0.073,36.60%,65
897,2025,Haniel German,CPX,19,145,11.00%,35.20%,0.056,43.90%,64
898,2025,Drew Vogel,A+,23,417,9.40%,37.40%,0.13,31.90%,64
899,2025,Ariel Almonte,A+,21,359,8.40%,33.70%,0.129,39.90%,64
900,2025,Rosniell De Paula,DSL,16,200,15.00%,26.50%,0.056,43.80%,63
901,2025,Nick Pratto,AAA,26,423,10.90%,29.60%,0.134,37.00%,63
902,2025,Coco Montes,AAA,28,415,7.70%,29.60%,0.115,39.00%,63
903,2025,Daniel Dominguez,DSL,17,180,15.00%,23.90%,0.087,40.20%,63
904,2025,Nick Montgomery,A,19,357,11.80%,33.30%,0.082,41.10%,62
905,2025,Jeremy Rodriguez,A,18,492,12.20%,19.10%,0.033,55.70%,61
906,2025,Carter Johnson,A,19,465,10.10%,28.80%,0.084,38.80%,60
907,2025,Jose Perdomo,CPX,18,233,6.00%,19.30%,0.047,54.30%,60
908,2025,Tytus Cissell,CPX,19,206,8.30%,36.90%,0.103,42.30%,60
909,2025,Enmanuel Bonilla,CPX,19,217,7.80%,27.20%,0.096,46.80%,59
910,2025,Kevin Ereu,CPX,19,181,14.40%,34.30%,0.063,48.10%,59
911,2025,Wandi Feliz,DSL,17,157,12.70%,29.30%,0.119,36.70%,58
912,2025,Sebastian Pena,DSL,17,151,9.30%,20.50%,0.088,49.50%,57
913,2025,Emil Martinez,DSL,17,189,10.60%,21.20%,0.061,53.50%,57
914,2025,Deivid Coronil,DSL,17,174,12.10%,27.00%,0.029,43.70%,56
915,2025,Dyan Jorge,AA,22,445,8.50%,20.20%,0.048,56.20%,56
916,2025,Wuinder Torres,DSL,18,181,3.90%,11.00%,0.108,32.10%,55
917,2025,Elias Marrero,DSL,17,160,11.30%,34.40%,0.015,42.30%,53
918,2025,Jesmaylin Arias,CPX,18,196,10.70%,31.60%,0.112,49.10%,53
919,2025,Domingo Morla,DSL,17,179,7.80%,31.30%,0.129,38.80%,53
920,2025,Hiverson López,DSL,17,197,9.60%,22.80%,0.048,55.80%,52
921,2025,Luis Felipe,DSL,18,178,11.20%,23.60%,0.052,45.40%,52
922,2025,Juan Baez,A+,20,442,10.40%,10.90%,0.023,50.90%,51
923,2025,Yunior Quezada,DSL,19,166,8.40%,23.50%,0.09,48.10%,50
924,2025,Mason Dinesen,CPX,26,172,2.90%,37.20%,0.098,49.50%,49
925,2025,Aeverson Arteaga,AA,22,474,6.10%,26.20%,0.08,33.70%,49
926,2025,Moises Bolivar,CPX,17,201,8.00%,29.40%,0.039,45.00%,48
927,2025,Noah Barber,CPX,20,165,7.30%,44.20%,0.122,41.10%,48
928,2025,Cal Conley,AA,25,507,6.70%,20.30%,0.041,54.50%,48
929,2025,Freilyn Rodriguez,DSL,17,195,14.90%,24.60%,0.038,53.90%,46
930,2025,Isael Arias,CPX,19,217,8.80%,20.70%,0.057,54.00%,44
931,2025,Dexters Peralta,CPX,17,162,11.10%,30.90%,0.064,41.20%,39
932,2025,Jose Familia,CPX,17,160,7.50%,38.10%,0.027,43.00%,31